order_id,customer_id,product_id,quantity,price
01HR879N1JHRCTPE4KW9MARRAM,01HR877T81BMV1DHKPMW7A07PW,140,6,131.51
01HR879PDADY3PTAZX66QCDTMD,01HR877T6BQCAX7070E8WYGRTC,513,23,3912.63
01HR879PRA3RTY1TC4SHFWGJ24,01HR877T4GPNP30KVDY2MGXFRK,610,43,1908.79
01HR879PRBAZ26S7XGPJXF1KQX,01HR877T0Q8P7P17RF33T3EKKE,490,50,4064.43
01HR879PRCPBAMB1H0PYBCR60P,01HR877TC647APAS6QPJ4QZV3J,373,3,7007.79
01HR879PREB5K2HH8PDZ217ED5,01HR877T9P8H4XW8QJS6CR1NRR,557,37,9942.4
01HR879PRFHDFG3WRA5755WX1C,01HR877T3J1DBJRD60RV7Q506P,679,24,4695.67
01HR879PRGCKWBG1HV7X1D8Q1J,01HR877T0G018MWCPVJGVE34P3,6,36,7413.94
01HR879PRHQNDEM074HWQHEB33,01HR877T3AVDA3JKZ4ZQ44FVVP,288,11,9918.35
01HR879PRKES6NYH9BXF7JYPDZ,01HR877T0EX6A77SXS258AT5W6,682,5,2225.51
01HR879PRMFXCX27BH9ESMGYFJ,01HR877T30XYX52MHZ0S4GM5DH,780,24,5791.21
01HR879PRNQFA58P7JMCJ2EMTQ,01HR877T12KAFG42FCB8NFFMJK,154,9,7260.53
01HR879PRQRK2VQHZWAYYV6RYK,01HR877T7D5JSXP405Z2DVVJR9,259,49,2219.43
01HR879PRRZCRN9W16DTQXFJ8P,01HR877T75EHACASERTRBVP8PY,317,17,5691.84
01HR879PRSEAAT1GX9JGQMRSJ0,01HR877T3AGKHHPDC51W1164D9,708,9,6641.46
01HR879PRT09EX9H8JSH3EW7E0,01HR877T766ZMGZ3RNGBWV5XDM,1,50,6771.74
01HR879PRW8PH0VD8ABE83AK2E,01HR877T1N1MWNWV0DQ18T0GK0,856,44,7290.96
01HR879PRXN8DAB5G9MXQ858YP,01HR877T5CTV6P5KQAN4ETBVTC,454,36,3137.48
01HR879PRYJVQ1AGV6RZJEFAP6,01HR877T6NP8V3NT29CHJBJ9BG,84,7,9804.41
01HR879PRZC79Y85SSJ9GG97Q4,01HR877T2T460AM7SR9ZTQY6DR,274,44,6774.4
01HR879PS1GKJ1TXJQQNHQH4D7,01HR877T7JZD2E890S0ZZFZH9S,251,29,7161.51
01HR879PS2F827F649R3WNGDJW,01HR877T104M1A6E7VCFKQS3GY,142,40,7323.32
01HR879PS3736BDCFV121KG1QZ,01HR877T5HJ4903RKVN17ED112,295,12,6386.4
01HR879PS4EMYTEJMVSW92ERFB,01HR877T9MWAHXK2SA3GC8HC5G,232,6,4408.65
01HR879PS5ZDABN1PTJJP9FZ97,01HR877T7BF58GZ6QN3T4RC717,651,21,9180.78
01HR879PS696VZNFY74AGVNVQ8,01HR877T7ZB864W3TR68Y1CB7T,664,5,7096.36
01HR879PS89CFRPF1GXW6BFRAV,01HR877T8PZ263GGA281NFNA1P,411,36,2209.61
01HR879PS91B880QZHFZBJT4R0,01HR877T70HESFVNN5M9J0XWVJ,224,24,8766.32
01HR879PSA57Y94Q7PWKDXZVG0,01HR877T3NZHK3M4AAG2AYCDR6,66,38,6207.71
01HR879PSBEFSTRFYXEHD5RKJC,01HR877T96VTF4XSRJ563TS1C2,785,25,3829.8
01HR879PSCERM9W9GQ5829BP34,01HR877T68X9XZSK7AYGX9MXXD,940,42,4933.32
01HR879N20HAB2R2CSH4V1QYBW,01HR877T3HAWF6YG8R6MEYTAJ1,103,45,8576.71
01HR879PDC2WPKHPWR3CHD66CF,01HR877T309Y11E5RJZXSXFVR7,99,31,4812.59
01HR879PRDS4XTHZXHE5SN991D,01HR877T3B5VAC8SQXPRCRH9YJ,292,1,7038.05
01HR879PRF49FHMKWS9HRQP9WH,01HR877T3EVMM29B3RBG2T6DM1,664,38,3185.55
01HR879PRGCZ5DB0V46MEHKMB7,01HR877T363TWVJ1EM0SQA65Q1,601,17,3725.97
01HR879PRH148JJ4CZFDCWTE37,01HR877T1SGB1BH8NSKKXRE2BT,757,27,7550.27
01HR879PRJZSMV81BZYJQV555C,01HR877T35JJT3HH0QD04K5JTY,651,14,5241.3
01HR879PRKM93D781XB5NTMEHG,01HR877T6H1XE70TMN42YJWKBC,100,8,9268.15
01HR879PRMAP8HR2B37S0HG25Z,01HR877T4NR2WMFX0FDNCWZ0BB,793,45,9692.43
01HR879PRNB8B3K6H5YFJXHK4K,01HR877T2AKV7DGXJNSKQW0BZX,760,10,1990.12
01HR879PRP6A7MF1N4WQZH3ZW0,01HR877T79DZQCCFAR2XFDBHCH,246,38,4012.59
01HR879PRQZF1DRSSFSY9N2K11,01HR877TA7YVK7D5X88TENMHA6,131,38,8098.24
01HR879PRRXX817X4A2MZ6K396,01HR877T70HESFVNN5M9J0XWVJ,730,45,2100.54
01HR879PRS5820DAB5PG3KH4RN,01HR877T76Y518X2YRVTP0VGEA,846,24,1602.97
01HR879PRTQHC3TQY31MEQRZBW,01HR877TB58M9WY58K9ZE4Q4J7,437,18,4914.96
01HR879PRVXNG74PYMM90WR4Y1,01HR877T7NKFRHP1B0MY388N01,140,29,6292.11
01HR879PRWCHDTN768Q904KRGX,01HR877T1Z84VMKSCNQC2R6QSV,32,20,321.93
01HR879PRXG6GJD6F882FNHAK9,01HR877TBBAV3YYDDJ7Y459CJM,682,44,8371.83
01HR879PRYCB4BENDPE13N2S0B,01HR877T0G018MWCPVJGVE34P3,158,12,7377.41
01HR879PRZP7BVKEQT0K5AJB5J,01HR877T1KR69D0BMVB41FJ87R,218,32,5406.01
01HR879PS0ZWQJJ2XAZ9EPQT01,01HR877T9PDSXVZ82D532NXMWC,745,19,28.03
01HR879PS1RQ215TF0CKEZ9DV3,01HR877T49MNJRNNX8WHD27M6G,772,47,3367.22
01HR879PS2PHT6V242CZY2XM4J,01HR877T82WGPSCGGA2CM1PJ81,462,44,4484.42
01HR879PS3DKVZR673755T3A0V,01HR877T667JHAR43VK7JJMG45,470,47,8093.04
01HR879PS4N49B1VJNNVB9TFHG,01HR877T2RS820D1RPKYXBMJ8X,875,14,1204.89
01HR879PS5SECM80C1H6TG4Y3C,01HR877T5R594YZ5BBS5695C05,65,37,9104.55
01HR879PS67Z2AR44V54ZGEM6D,01HR877T7J05VGFBVKBWR6K432,840,3,2396.86
01HR879PS7TWSHE2100D37J1DV,01HR877T71R8RPAQ82ZYNZX99N,593,47,1289.63
01HR879PS8W67ZQP0FJ9E1X2SW,01HR877T2T5RFHV8QYKGNKK1BF,845,45,3992.1
01HR879PS9NDBGW3ZBNF3Z2A5M,01HR877T49TXX1RMAX7XKNF0TW,42,17,6170.0
01HR879PSADJH8S14C1X1HETPV,01HR877T75BVNYADGQNV177D9K,776,40,2283.2
01HR879N1WT19BJVQ2780JQK63,01HR877T6EFACMAQQZZWKTV19J,737,6,4487.71
01HR879PC8MH40DQJ793N8PTGD,01HR877T8CMY0RFGBR0CWVN97Q,226,7,4970.39
01HR879PQ74KTFYS3NCQ7BXG6V,01HR877T6QV5GDNTPDBYD1TZ9S,919,10,912.21
01HR879PQ9NQ422X9HTCVT2CMW,01HR877T71PQ6N45YKP8A6GR03,20,44,4482.1
01HR879PQAT9SAKKETK7N4T8MG,01HR877T8AFB2QPW9WHSMRNN8F,269,2,9109.25
01HR879PQBHWC3DPZ61VZMQHAD,01HR877T7JZD2E890S0ZZFZH9S,798,8,71.56
01HR879PQCEV4PB80GETTA820V,01HR877TANPK59BDSRVKWAK1SV,945,45,7537.7
01HR879PQDGDNSPF944AFRHQ88,01HR877T6H1XE70TMN42YJWKBC,545,35,7926.32
01HR879PQEAFAAC4CJ8NQW7BYC,01HR877T74W8XRMA3KK4A7RED6,702,31,1891.43
01HR879PQFBJX4BMRAEBD1WBBP,01HR877T2Z23DK08CQNQV5F5NW,421,27,6741.22
01HR879PQGAAJB2T1SNFSK4PEC,01HR877T29B4N3FRXN4JH4XAYW,133,17,4138.0
01HR879PQHM3ARGK3C6A74BW9A,01HR877T98J69XNCBJDV4FMD57,684,28,4959.22
01HR879PQJESAKAQD12386Z44G,01HR877TAWYXRXFGAMTPJG7XYJ,392,37,7228.42
01HR879PQKR122VVCV8ZFK07W8,01HR877TBV4YK3B21XW4WMF474,417,35,3196.35
01HR879PQMKX1J1CGR9YYS4SGR,01HR877T21SKDFG9RDTVWZYDFR,507,38,1161.04
01HR879PQNT25FEQR2H7G1TE9D,01HR877T1PYXHMJF4998GRNFG1,593,45,4883.77
01HR879PQP6B9HXY3A19W9KNSQ,01HR877T93MTX8W28HB5CPKVJD,93,14,4278.68
01HR879PQQ9DABQTNTKD3QCFPK,01HR877T90C6YMP8D1S7W2B3SN,918,36,5929.97
01HR879PQRR8KN876W5WWSAG1A,01HR877T0VWZ7PQ2AN4BZKF1FJ,65,26,856.73
01HR879PQS4EDMYRAAY2R8HN0X,01HR877T5ZZ69QFQVHZ3WPK2V4,759,12,1419.64
01HR879PQTKETW3F9WVNY4673Q,01HR877T7ZPDGY8KM9PEWSC0Z5,537,19,8750.83
01HR879PQVV5CV2HCJM8MRTBD9,01HR877T54C6HV5STXPQ5FA4FB,788,44,8031.14
01HR879PQWAMXPJN4F9PVKBW5K,01HR877T63V3BNYD0MT4WR8WDG,162,34,9311.69
01HR879PQY2EWG45YMAAMVSQB0,01HR877T6YQ8GNEEJ7WAZNM436,801,10,2752.66
01HR879PQZ5ST8CAWWB99N40RV,01HR877T4WGQDPQDE2R6WSATM6,818,23,4278.91
01HR879PR068JFP2TKGS6DJKX0,01HR877T7HA8G6A7F90ZX5MXA8,37,48,271.62
01HR879PR1HWKR311KKJ76WDM8,01HR877T70SJ1633DMGW5APM1K,42,46,2551.29
01HR879PR2Z85MGKR28VTE8QDC,01HR877T3B95SEV5MMFCCZCYSN,429,40,7668.11
01HR879PR3TWNNK7NFAS04FCEJ,01HR877TA1CN4FRWWKN4FD99A1,191,21,5268.47
01HR879PR4VKSDBHF3G56ZDPE8,01HR877T2T5RFHV8QYKGNKK1BF,466,44,142.27
01HR879PR5DCH1D52GEQ8YDVM8,01HR877T2V5F63PX5XTKA2EC10,159,44,1807.27
01HR879N2MB7HYZD491N4HJ18M,01HR877T99ZJD4P5T5B1HMRWCS,560,26,4549.71
01HR879PEQNMCK81EQKDQCRPRH,01HR877T55HWVG92YKFDTS27QZ,943,2,7749.34
01HR879PSR3V3NFSF491WWYKEQ,01HR877T29B4N3FRXN4JH4XAYW,734,31,7992.64
01HR879PSSMW2RV7Z1KZYEVJW8,01HR877T1T9TM1GYJ53Q6DQ3HQ,498,46,9.67
01HR879PSVNKV37359REN1Q18C,01HR877T3QCM1GF9KSK7D0WQBN,635,3,6370.03
01HR879PSWE587AP2J40DSZTBS,01HR877TAT8S0ET6BPY92K0CP1,502,40,1272.9
01HR879PSXX59G9BSJT6PAJNRC,01HR877TA7Z6R8QRG31THZXWZ7,573,42,3279.51
01HR879PSYMAPRMZ9Y41VDVR4R,01HR877T4HMZ4STYSJCDSWADYQ,498,10,7713.34
01HR879PSZ748X1RKFH67R2R4B,01HR877T3J1N12FXX8QEQFJD0G,564,35,5519.36
01HR879PT0M24TYMWT8H80WYBK,01HR877T93HBNP6VZV6RPR9A2G,449,32,1846.51
01HR879PT1DPDRC7YN1EZ18A6Q,01HR877T7G0D347K9WDP412E98,283,32,2550.64
01HR879PT261S3W9CVE017M3EB,01HR877T9S9PVBVH2KP1PTSYFR,129,4,6801.86
01HR879PT3MWVRFYZEXYX2ET9P,01HR877T3R1J1CD045HHWNM7HH,576,17,4580.84
01HR879PT4ZGEYB6N2P614NRGX,01HR877T8YQFWARZFTYJQJEQPY,188,43,3538.07
01HR879PT5CRCN3RVHB0T030ND,01HR877T6YQ8GNEEJ7WAZNM436,242,23,1856.63
01HR879PT6XSVHYMW1C6EJPSPQ,01HR877T7JQPBSR3W67KME4WC6,678,49,8149.91
01HR879PT7N7CZYB11RHB310JM,01HR877TAZ60Q6CV4YGC2KDTYK,653,21,2877.83
01HR879PT8FSHNDHWHRN7MVDRQ,01HR877T32NCSWDMWDGME0N45F,411,37,5813.81
01HR879PT9G67P12AAA0CY5BQ7,01HR877T5Y4Y99632C7SADT0GN,788,18,7399.64
01HR879PTAA6Y7TE5YQGCTW17F,01HR877TA5K4TBAEDWAWSRMJTJ,9,2,3932.43
01HR879PTBR8VDKHAA1WXRM4PM,01HR877T910G1G3N8HS004R834,858,12,8469.84
01HR879PTC3KZEPZAR4WJSJS26,01HR877T4C372B7EBETGW99QMB,427,37,3686.89
01HR879PTDMEMYRMEDA9YAMWVD,01HR877T1J4CR84W8TPZ39BDN5,253,3,9145.1
01HR879PTE79ZN3BW7RJR07SNP,01HR877T8DH5G53PFHFG64C6JD,678,26,3838.85
01HR879PTG6XMV398XRT7P9AFX,01HR877T91DY9S3BVVX8P2RT2P,122,37,7356.78
01HR879PTH75EDMD6W37KG4YTP,01HR877T54C6HV5STXPQ5FA4FB,752,18,6677.15
01HR879PTJ7740DPD96NYYPFVF,01HR877T4CDQ2VF1S7CRXNDYG7,799,27,7160.5
01HR879PTK4E88M3NFQKXVH6DX,01HR877T71R5MBWHJAM8F0WVC8,62,41,2307.62
01HR879PTMR31GN92NF241CT2G,01HR877TBV4YK3B21XW4WMF474,460,13,4102.55
01HR879PTNJF1A08KX9KJP0S1W,01HR877TAE3G2KBGJCXY3045RM,653,48,8849.39
01HR879PTPJSWFHRXH6TK6K43Q,01HR877T309Y11E5RJZXSXFVR7,908,25,6687.86
01HR879N2JYKYR9PW6J2VX1T5K,01HR877TB58M9WY58K9ZE4Q4J7,243,10,1952.39
01HR879PECJNM4WC1BD1AFW2YS,01HR877T1ZQH67MT5VYE0KGR0X,91,5,9918.04
01HR879PSCPP4AWCGZ61AKGAWG,01HR877T58X331G7C6Q61897GS,509,44,4205.9
01HR879PSE5Q1Z9R7VJGEJCZD8,01HR877T33KVVK05TAVWW4R9N3,394,42,153.7
01HR879PSGT0WVFT3CTWSNWAXQ,01HR877T1TH87N846TP9YABN7J,375,2,6833.65
01HR879PSH7DM7E4NRSD3XMY05,01HR877T6X674NJ0E6JGTMKZNZ,730,25,648.06
01HR879PSK2TRDB52HBMS17STH,01HR877T1PX9FF2XG80HGNN71F,636,13,2761.46
01HR879PSN36YKZSRMGWPKVKNW,01HR877T0Q8P7P17RF33T3EKKE,334,17,4618.16
01HR879PSQXGBJNYVR2QRPSAEH,01HR877T1TVPXGD2HCGFT411JC,652,31,5038.49
01HR879PSR12YRR378K3C42AVS,01HR877T60W97G2V3H39VH03GJ,10,46,4685.79
01HR879PSTQ1N42EVSKAGK09BZ,01HR877T3QCM1GF9KSK7D0WQBN,626,49,4000.31
01HR879PSWPXTHKEYRY2WGZ09Q,01HR877T3J4PVJA6E10F8Q015A,564,34,8390.66
01HR879PSXGT61FQFBH6EV61VS,01HR877T6K0A1KNW8XFXK0P625,72,37,3485.1
01HR879PSZSDJKGCGA534NBZE9,01HR877T7NPSZ6WJAS9M38XKY9,727,22,4845.19
01HR879PT1GE6B1MM7X33PP7HQ,01HR877TAHCM4PJNM3XE5JHB8R,437,23,1193.77
01HR879PT228EDQZHWZKAYHMDY,01HR877T8P7FS3FE3TCRH0WP4P,334,22,3818.34
01HR879PT4S81ZF9VJ7B2XVGV7,01HR877TAME70ENGDK9SKAKK7E,578,19,4417.37
01HR879PT6V3EFAHRB3B05Y7MK,01HR877T3DDPT2D2KZMJFQ7KEX,875,3,168.19
01HR879PT710P801V2ZV87CRD6,01HR877T7QDM309G20MX82AXM5,769,5,7885.31
01HR879PT9E87MGTNKHVHAVVR7,01HR877T2YYBVJ91E9CWNPNFT8,459,7,7735.48
01HR879PTANVJEFM1Y1SCBSB9W,01HR877T5G5BD3WVYZP0WZDMBY,939,1,6699.94
01HR879PTC51MVYS3F4J9CRXXQ,01HR877T67GRH35QTNPVFE532N,230,39,5661.93
01HR879PTDPEHNNNWP2XHEA0EP,01HR877T9MWAHXK2SA3GC8HC5G,204,39,3368.43
01HR879PTEB986QSV7F2G72RSC,01HR877T7XWNASV07JH8Z52KXZ,5,2,979.77
01HR879PTFC2T7YN3DFMG2WX0X,01HR877T3MBTN5S3S4GESNKMB7,930,1,2930.67
01HR879PTGRPMTMHCPAJZXRH7G,01HR877T4WGQDPQDE2R6WSATM6,272,18,6958.14
01HR879PTHKTC94FT12PDJ9GJS,01HR877T6SMH6WYWAAEMWCYQPC,528,12,3573.77
01HR879PTKZJWM117N2DJCBH8G,01HR877T4QZFAES103MFM8XXKK,689,10,2440.61
01HR879PTMKR0DY5Q4PVKMMCJ2,01HR877T49TXX1RMAX7XKNF0TW,403,36,2521.87
01HR879PTNVB7Y01TMA5TE0HFP,01HR877T9FMYVQ4ZKBG8TJVCWC,335,36,1660.79
01HR879PTPSAJGN4G55CXPV5DE,01HR877T5SY7Q0PKEX1T640WS1,858,26,6847.63
01HR879N2WQGG2FXDW5GPK32A9,01HR877T8KP52DXAG7DC57ZK8K,86,28,3697.15
01HR879PEDKR48AR2Z8T62H91N,01HR877T6B8P65RTVZ7YWWPCZP,776,23,1006.2
01HR879PSC33KQDRCH3Z7APBJ2,01HR877T1Q7AR24G4464Y1ASGQ,335,16,3586.79
01HR879PSEJ6RD7W60PBJK0RDZ,01HR877T40CNBY5YPF5JSBVSWX,684,35,8633.03
01HR879PSGATK37Y3YHS2RPCWP,01HR877T6RW4CDS92S3B6EAJVG,598,36,4749.97
01HR879PSHXZMFC1BJW6349FZ8,01HR877TBE8SWAXFQFRNKV9YDX,850,49,1846.73
01HR879PSK7VX1JKJGA0CRGQH5,01HR877T4WEWTPSWEHP1VX9TZ9,736,46,15.9
01HR879PSMFF15G48HN264TY3R,01HR877T7TFV9HG9CJ7CZ8KWKH,76,48,641.95
01HR879PSNQ2ZDC8WC568YA45N,01HR877T9CT3WARMB7YF2J83YD,605,9,219.67
01HR879PSQGVKBA3B3WSK1V8W2,01HR877T54F81MJN2ECNCRGQT3,173,19,7572.79
01HR879PSS532800V61KYV4Q4S,01HR877T84N39S2DRM0P4FP21T,813,31,6936.2
01HR879PSTDA3K60F60JGY56V3,01HR877T8ZP1A0VXP32088Q0CB,192,30,7684.1
01HR879PSW4AEGXWTK6KKH90PH,01HR877T6S4NBK59G2J6NAJDMR,395,47,3055.31
01HR879PSY79AD4TE0PDC2TDQ3,01HR877T2GNNQBK93VZTFC55FA,408,33,1372.08
01HR879PT0MS7DM59W1MA8J6MQ,01HR877TAWPRFCMPVCQSVZZ8VD,44,15,2128.97
01HR879PT12ZCYN6X51EG64E17,01HR877TB14VZ1HY7SDVF71745,41,27,4195.65
01HR879PT3369S0YY6STBGXRBT,01HR877T23FM8W37N40Y2WH60P,517,44,6675.95
01HR879PT58YTRVEASDR6CDBJA,01HR877T510RM9Y0QB6KVYSGPH,864,15,1525.2
01HR879PT77Q6XBK4PY81PW045,01HR877T2RNVC9AJ50H1XYT3TM,434,1,2510.25
01HR879PT91W6MRWYQ47T5NS63,01HR877T72WRJA5611A999SYBZ,244,48,9769.03
01HR879PTBFPAKMBS69DBWP0R7,01HR877T74SA4FRTTAZ55XNB58,890,13,9362.59
01HR879PTDQM4ZA19Y212YQ56G,01HR877T6A5222MKQ6FB9VAV2E,933,13,9102.31
01HR879PTEC9G5E958BDN73XY8,01HR877T7NKFRHP1B0MY388N01,414,40,1821.49
01HR879PTGCJETS812HA8VS6C3,01HR877T7ZPDGY8KM9PEWSC0Z5,816,45,4538.26
01HR879PTJR9QZQZ49MHDVDYNT,01HR877T8SSK0C3CAE81TZ68PW,243,24,19.08
01HR879PTMKFSAXS27KXKEZQZ4,01HR877T7WT6GREV88HTA3TT0R,396,38,3549.34
01HR879PTPWN39R49W8T6J0TCE,01HR877T78ZSJWWBJFX3TQN5SM,675,1,3288.97
01HR879PTQCKAH9Z4CKJYYXDP6,01HR877T3JG4MFPPMJ4543XZZ8,331,38,6432.66
01HR879PTSM21V8JWX9NV2RHVT,01HR877TBBZDG583RHVGDCT41J,608,29,8917.45
01HR879PTVC68VW64JCCZWEZRH,01HR877T6M2TXGMKYCEM55ESMP,646,8,5369.41
01HR879PTX4AEN3NCZV4FZF1HA,01HR877T49TXX1RMAX7XKNF0TW,433,4,7530.59
01HR879N37SM9P9NYRKRG1Y7QS,01HR877T3R4FWTKB1HVNS9ZTAS,33,42,2834.22
01HR879PDSXFDVBGDV8PRV7DY8,01HR877TAGWWCYMYK585WD6AKA,751,5,6598.6
01HR879PRR149J43QAZMP9QKQZ,01HR877T7WT6GREV88HTA3TT0R,263,40,6688.07
01HR879PRSBMH0232T8NTFQ8PS,01HR877T8VYJNBFWN1H8ME155V,570,26,8809.49
01HR879PRTT6EKN641VFAG7EJP,01HR877T7JQPBSR3W67KME4WC6,803,22,5103.16
01HR879PRVD80B8KN0ZXD5JETK,01HR877T60JV0H6BA3E2TE03JA,934,14,9576.13
01HR879PRWGNXWP2G0Q8VKJ6F2,01HR877T61MR3RKCM4RZWZF2XR,46,30,2790.14
01HR879PRXRVWAF6Q1FR78NR7R,01HR877T9M8NKB01ZHDKAG9JWW,786,24,3671.54
01HR879PRYZPNQJ63CM890APMJ,01HR877T7YVXZSQAPHKAP5W4B4,662,4,9419.69
01HR879PRZGAQ41Y4D6R7A86E5,01HR877T6FZF3Q9WCTRXNQWMJ7,869,12,1879.77
01HR879PS07STRTHM53ZKH4XJ5,01HR877T3GDSS5SH9CE3P3D9R7,47,26,6537.03
01HR879PS25G05EP2MNBPGHTNE,01HR877T2RNVC9AJ50H1XYT3TM,760,14,7039.17
01HR879PS3A1A0M9BZYMJ93AMJ,01HR877T2WHFVRVVQZNTT3C8KC,642,15,3388.11
01HR879PS4SA7G2DEZS9FQ8KA4,01HR877T3D55C0NQGHNXW6P00T,629,2,6238.47
01HR879PS52KRF8HSGQWJGNJX9,01HR877T7RDHFZERTM9ZFZ1REA,653,9,7193.4
01HR879PS6VSBSK61H5VZZYNX7,01HR877T7D5JSXP405Z2DVVJR9,314,21,263.35
01HR879PS71GZP39D0F3RYCMVZ,01HR877TBV4YK3B21XW4WMF474,56,28,504.88
01HR879PS8A78K57P5JMWQBY2A,01HR877TA3WBKZ7DTKQ4PDKBGR,63,15,8009.13
01HR879PS9410YGT8GCJAC9X2P,01HR877T2G0FC47X47NWCN86X0,635,12,9078.22
01HR879PSAC8AZ07DMX42614PS,01HR877T5VPJ7H8SQQTCEWH1SZ,713,43,9964.8
01HR879PSB9NKWSHEQREZPJJET,01HR877T8EPJ8Q6M58ECYJ6CMW,119,9,4971.99
01HR879PSC1PF8BESE4WKKQFTN,01HR877T0VWZ7PQ2AN4BZKF1FJ,442,40,757.11
01HR879PSD719YHKZY3J80YRJA,01HR877T5CTV6P5KQAN4ETBVTC,609,31,5368.21
01HR879PSEWHQK0QBJ1Q0XWE05,01HR877T9X8H7F1WZ0SSGD34RV,713,50,8909.67
01HR879PSFWCA0AJDDY2VYT75G,01HR877T6C8J0N0YG7KQT5TZ2W,916,30,9703.49
01HR879PSHKM4EM7FA426BV0GV,01HR877T7ZBM8XG57T94VKN89V,738,21,249.62
01HR879PSKJFC37CK99PJDJ116,01HR877T87681RHF62Y893DGBT,185,12,274.73
01HR879PSMRJRDG5YXPD21WDJX,01HR877T7CZJBF93V46ZZ8RS12,605,8,5537.17
01HR879PSPCV9B0GQ31PMH2RZT,01HR877T7ZBDMV2PN704JF6A96,166,25,2559.84
01HR879PSR7XSHJGYJ8NCEP8WC,01HR877T33RPBSK5A7M6J535S0,385,25,5610.03
01HR879PSST7GWXTTT9D6437TA,01HR877T1FF98N4A3D51ZD1D4K,132,32,2123.68
01HR879N3E1W8FFMN9MD0FHJCT,01HR877TC1R8FVZR04MX4NX779,584,13,3183.36
01HR879PEYA5CTABWBCB49P7HN,01HR877T2K1T9S8VGNYPDT5T7E,30,50,5639.21
01HR879PSX3Z6AFFBEHE1HYCJJ,01HR877TBF9SB3SA0T9SPR9456,74,6,3761.88
01HR879PSY0TZFMNTBCXB316Y2,01HR877T2XJN7CF4BMRP6NA67K,797,26,2505.32
01HR879PSZYRW7WM570R401V33,01HR877T8A10FZYPCQWZ7DX4MA,708,42,5639.88
01HR879PT01GS48XMJ0G27FE03,01HR877T8P7FS3FE3TCRH0WP4P,837,8,2184.16
01HR879PT272YTZXCFP40CBNDR,01HR877T36D8NE33DDNP5C35HN,787,7,8582.39
01HR879PT375PXGVW3MRFNJND3,01HR877T6X674NJ0E6JGTMKZNZ,215,17,2906.66
01HR879PT4D6HH75DM1YST5G5A,01HR877T7SG2X3YPC3EGN6WF9P,853,31,2700.03
01HR879PT517NTGEFMP2PTEFPC,01HR877T7RSZTZYGTMJQ5QXXC1,814,11,3779.1
01HR879PT6H2FN9QASCNCGZZC2,01HR877T6GPMC1GM7TJQA5519Z,773,48,4652.11
01HR879PT7XBVT31782KK2ERH8,01HR877T3ARQJCG3TECKM2C0M5,196,34,6531.67
01HR879PT8PVGNH7K9F24ZZQ6K,01HR877T5D4RXYQ554G13KGKZJ,711,28,9645.39
01HR879PT9KWBGA57BVEK7T5XS,01HR877T5N6J1GQFYEQSKWRQ3Y,614,49,1270.15
01HR879PTAB7SM9FCNJTRT05FG,01HR877T2BCQXNEV5V0VXHS55F,134,30,980.57
01HR879PTC66FAS4NT2YEYKJZM,01HR877TB09K6871Z8NV72W8TX,457,25,6516.18
01HR879PTDACKHGPYTD0GFXX9J,01HR877T4GPNP30KVDY2MGXFRK,412,41,3858.0
01HR879PTER4MJSRFTKBWQ30B0,01HR877T0PDN24J80TYMABZ7K1,375,29,2041.0
01HR879PTFPEPHZEDH2726PVFW,01HR877T9KHYDHZFFZD69Q3ZJF,344,32,4811.62
01HR879PTGNPVAR36NZP61PCP1,01HR877T76Y518X2YRVTP0VGEA,370,50,6017.01
01HR879PTHW60GV1X096PWKR1W,01HR877T2YBE9HEEVV1E4HJ28Q,592,43,7180.5
01HR879PTJBD1M7BXZQN0HKGCC,01HR877TA42EFPEXR33WMGHTJN,721,33,7554.17
01HR879PTMVHX0NC94WRWWNK4P,01HR877T363TWVJ1EM0SQA65Q1,712,38,5959.74
01HR879PTNTWK934Q6787KXAF2,01HR877T740E7K6QTFF11K3XK8,701,4,502.62
01HR879PTPXZ1127KDN4CVZS72,01HR877T4C372B7EBETGW99QMB,342,31,7142.05
01HR879PTQ2FP9F862CNATJ6SZ,01HR877T8ZKTY79ZYK0KAZPE0K,801,6,1986.62
01HR879PTRBA8DANMR69XPEJQN,01HR877T21W7KQ9WT070ZKP931,427,36,4096.78
01HR879PTS0NWP323Q1GZFDPBF,01HR877T38TCSWXJM83XMYXFFS,354,35,8353.84
01HR879PTT1GT8YT34QZE88ASP,01HR877T361J135KJDFYTMCTBE,306,43,2533.56
01HR879PTVYXTWB6NED0FNRBA9,01HR877T9VW43KW8CE1Q39TXEV,313,1,2784.44
01HR879PTW9ZA0FKMD463AMQ85,01HR877T64NF5RMBYFWT1YHFRQ,682,13,183.24
01HR879N3PNVT533Z75S90N4G4,01HR877TAT0FV73X1GZ33E6F9E,538,39,8058.6
01HR879PCC6599EDMJDJTSCCBA,01HR877T7G0D347K9WDP412E98,566,35,4283.42
01HR879PQC9K8G206C2MPNR3DD,01HR877T0ZBQCBEYG609SRJNFF,910,23,5410.33
01HR879PQDEJAF0EPAN9DY3HME,01HR877T7TJ5HRP1V3W5EKWJ32,377,14,3536.58
01HR879PQEF8EZFZ1K51PD67RM,01HR877T1T9TM1GYJ53Q6DQ3HQ,222,28,6217.18
01HR879PQF9YVMG6JQBZXABPJW,01HR877T92NKJHR74XE69QAA20,910,11,5012.22
01HR879PQGHSP3E8TQG8N2HQ6S,01HR877T4WMF48MQ1CJ1XHZC4F,246,31,3532.71
01HR879PQHM67XMCZS35YK7T92,01HR877T912MXX6YWZP6PTMES2,314,3,5674.81
01HR879PQJ9VPKPJQTK57532ZE,01HR877T48F1TF7XMBCXCGXBSD,861,36,7560.37
01HR879PQKFAGV14JZ6GTFP89B,01HR877T91P5S6FRJ3Z5GKQR3N,98,50,3843.75
01HR879PQM0NX0TQKASNG8G8EN,01HR877T7BF58GZ6QN3T4RC717,36,17,2729.64
01HR879PQNYQ8MCFFC3HP17577,01HR877T5XF8RBTHF1Q816ENGW,50,47,8927.98
01HR879PQP11BCBAD5KAFJWPQE,01HR877T37CTZFJSC03MC1MW1B,485,22,1352.87
01HR879PQQH0A22PQPGXFTKVZ1,01HR877T3W4DAPV5B36BVDQS4J,416,26,2635.07
01HR879PQR6SXPP75THFTDFMP9,01HR877T1BGCDVTZWE638C0ZSG,642,34,4665.47
01HR879PQSH2Z1R30CZ1XAN003,01HR877T5NP35AN9NJF03J61TW,911,37,8240.41
01HR879PQTRR3MKPJ5ZXYDS2EQ,01HR877T8QWRTD78K3HW7AVKYN,21,32,222.47
01HR879PQVXCAG9J3Y6Q6SN9M1,01HR877T5DE8PZDGNASGYRMBKZ,77,9,4118.86
01HR879PQWBCTTXVVCZRWP0CS0,01HR877TBKGXWGK8PQJ0HJQQZF,599,4,7626.82
01HR879PQX3494M7BY1TY6F9N0,01HR877TAPXVW690DKDVS55GDW,595,26,3313.47
01HR879PQYWXXJ5E977S29TST2,01HR877T6YKMMM8ZNC74GYBCCB,71,40,1718.8
01HR879PQZ8P505EDT95NB6FH8,01HR877T7NPSZ6WJAS9M38XKY9,834,50,2627.2
01HR879PR06W5QR1WRNNFE0P9A,01HR877SZV76PQGA4GGWNXFT8D,862,18,7589.78
01HR879PR1EV7GXZ4T45FDAXZT,01HR877T9VAS5Z2ZMQBCVQD0TD,438,20,7496.93
01HR879PR28QP224YAR24BH40X,01HR877TAANBFMEVJJV1WM61ZZ,731,45,2346.59
01HR879PR34XQ4QBCJBBBVHKEH,01HR877T346RRRQ2QJG5Z4WSWQ,829,12,71.86
01HR879PR487NPT5HHY8Z3KVHG,01HR877T1KR69D0BMVB41FJ87R,878,38,3283.22
01HR879PR5HXZ6K5Y3140CWV67,01HR877T6HXQYYH7SWAEJ7Z257,240,36,4071.32
01HR879PR6C8K94ZFPWBM8PYT6,01HR877T5SBXAP39300X80AFJM,497,17,3076.17
01HR879PR7MWMW58SBY5M6X1Y8,01HR877T3WQCFV0EVRQDN1RA3N,434,2,5109.33
01HR879PR8GT1PRZ6T9RSXDNXB,01HR877T2WHFVRVVQZNTT3C8KC,292,50,3704.98
01HR879N4359BGRY37X80EDXPG,01HR877T1E5EYMWMDF7HYTBFZB,370,22,4870.29
01HR879PCYNFG6D81BV1VNPM1Q,01HR877T363TWVJ1EM0SQA65Q1,478,36,818.32
01HR879PQWDSTRP99NWY5JE6NW,01HR877T2QHE9TFXHYM0050JXC,421,43,1604.79
01HR879PQXBXKD37JPYN6XJ91M,01HR877T7VT8A7JH5EN22ACFWA,455,35,5983.12
01HR879PQYVGDHZF8V6F5KB7T0,01HR877TAWWRS2CJWHSRD3TC4N,610,47,6918.2
01HR879PQZ88FQQ56RDNFW7Q29,01HR877T9P8H4XW8QJS6CR1NRR,102,4,8497.55
01HR879PR1SZXQ1910563DPBVD,01HR877T8Y7DWH4NQDZ2SPKNXN,876,31,5201.9
01HR879PR22CTSGTVMDZTND81G,01HR877T4FM8MW70TXQRJ5C00X,329,3,1093.12
01HR879PR40ACZKN00YMKMT5WD,01HR877TAME70ENGDK9SKAKK7E,623,27,9388.25
01HR879PR54BARSWP3002BRNQT,01HR877T6ZJ9KAAR3TD76BF7B6,725,9,1229.91
01HR879PR6S1Q5ZV3441APQB6A,01HR877T7HVCQ0GQ572NVW6SMC,763,46,1050.27
01HR879PR7RR0EMGEWM2ET7FHH,01HR877T7PAY0BZ5FFE0FN83G4,944,1,4784.65
01HR879PR9YEJQ55Z7RR177PRP,01HR877T634F7CWKV9RT7K9444,58,34,6257.59
01HR879PRATJ721W8C1H25559X,01HR877T81W8XR3GH11A2CG9FQ,370,35,3501.59
01HR879PRB5NNA286N9JSAJMVF,01HR877T6MT40W6N9M5507JXMV,784,22,3913.61
01HR879PRC71N4QTCHYVFY5EKR,01HR877T3BV2ZVSS3E8CZAMDVT,39,17,8285.13
01HR879PRDRWQQMNY7WFQV71RD,01HR877T70SJ1633DMGW5APM1K,629,34,2011.36
01HR879PREWK8PRVKT49JQBD6X,01HR877T57ZBKH3JK5BWDQEJXR,424,41,7586.57
01HR879PRFPM5XRAGMYH9HT3PD,01HR877T9JGGYSXGZXBVN18KPE,351,4,3493.84
01HR879PRGB7KXR30NS906A2CR,01HR877T8KP52DXAG7DC57ZK8K,861,33,4113.63
01HR879PRJ8KN1MXT1GZB1V561,01HR877TB7TA1FP8XN3D3N0SYQ,61,15,8831.48
01HR879PRKVZJJ1DM308M1FH7S,01HR877T5SA1QJHK4S8PWF4JR5,794,34,9849.39
01HR879PRMBRQWVS00SV4PT59M,01HR877T74W8XRMA3KK4A7RED6,944,35,2499.65
01HR879PRNNWXD56R2MDWDMCYV,01HR877T5Z85SREA2DDY3VH74H,362,28,665.16
01HR879PRPFND3T304T7WQYHN2,01HR877T6ZNZ6HHS6SHQHNKHZS,362,31,2367.92
01HR879PRRE89T8C1WX8YKTP46,01HR877T55Y66C03AZSN6ER9JM,171,17,3231.29
01HR879PRSPJV4YRS957WSC5Z6,01HR877T6JP8Y1QHCSN04HH022,403,35,9403.8
01HR879PRTJSGRCFBVHFJ019YZ,01HR877T2Q4PZG49X8HA9S4MGM,362,49,1798.48
01HR879PRV7PFYEV98GB5FSGG4,01HR877T3KB9N3JT16AKTDB17D,524,5,7921.39
01HR879PRXZCP9M4J0FE4W06B9,01HR877T23TFNME5NGB4CGHDS4,557,25,9016.89
01HR879PRY7Y36JMMRY2XF20FC,01HR877T88P2J0CKZ6F3FQ49GN,736,19,5251.03
01HR879N4BH6BPT9FY05JP5G8Z,01HR877TARHC43W7B29GXGBYYF,267,21,2212.63
01HR879PF9KW7SQMCH1AQEGRA6,01HR877T7ZD8CH6MD63X4Q1CAB,12,7,2132.61
01HR879PTA25ZFZQN0Y3YNRC1N,01HR877T60JV0H6BA3E2TE03JA,656,20,8459.82
01HR879PTBRW1JRC6Z4QF7D15X,01HR877TAVAXEQ0A3TQWA1V29N,122,34,9678.0
01HR879PTD5MFGSCSA4GJTZ3B7,01HR877T6Q5CMPTBRCDQ1ACSV7,929,50,4435.03
01HR879PTER78V965V5DC4N8QV,01HR877T3WQCFV0EVRQDN1RA3N,196,20,706.63
01HR879PTF3VCFC95XA4FMAP4R,01HR877T1X7NP5RP8BDNE03EX9,950,28,9367.67
01HR879PTGFCXM9XT84KTN2HGP,01HR877T1FCMPD0WD81TYEKVFR,418,48,310.82
01HR879PTH0VTWNS4SEXXQ626A,01HR877T4WMF48MQ1CJ1XHZC4F,364,37,3534.26
01HR879PTJX1HQ8YPCXAEJPAX3,01HR877T3BV2ZVSS3E8CZAMDVT,538,19,3879.0
01HR879PTK8PW3ZBXQ6ZYGQPS8,01HR877T3R4FWTKB1HVNS9ZTAS,237,44,3968.75
01HR879PTNNJBENXFK1972BHD8,01HR877T5XF8RBTHF1Q816ENGW,922,11,9670.22
01HR879PTQS19HGSE9BQBJJZ34,01HR877TB04MJ1MYNMP4WVW98Y,55,32,1702.93
01HR879PTR5SS3SKPYTFZCXK83,01HR877TBF9SB3SA0T9SPR9456,214,47,172.85
01HR879PTS963WE1BKCWWT9GZT,01HR877T84A4HRR28YHFTK6ATP,481,2,2247.33
01HR879PTTCX6EV885JWHGVWX2,01HR877T56P48EC2HV01K15S8N,727,27,1735.05
01HR879PTVXQ1HEQR8P9P4QESH,01HR877T8HVZY7B4A99B6M42D3,850,20,9381.03
01HR879PTW9TDKSJ6AS2HJ67NZ,01HR877T1P5AKJVNVZHJB19JQ0,185,47,4261.8
01HR879PTYG2KWQ4FZYY5NSSKX,01HR877T3ZG4TM5PM20VHSQJQC,471,15,7511.25
01HR879PTZZDAXXPEXQPYAF904,01HR877T8Z29PF0Y2K9NXYMD7T,300,39,1715.06
01HR879PV0N85Z7183SJMS30TS,01HR877T1ZQSFWP822HQAR22CZ,328,29,1808.67
01HR879PV1GGVNQ582D319E6BE,01HR877T76Y518X2YRVTP0VGEA,411,5,6874.69
01HR879PV2G5BRP3YXTC2CGPPN,01HR877TASEV4YK375A2HX7KMZ,746,35,8143.29
01HR879PV44YMR6H7BNEDDMBB9,01HR877T2Y21B8854FVQZJNXEX,345,27,1689.8
01HR879PV5M5S113G052FW5HA4,01HR877T29B4N3FRXN4JH4XAYW,42,39,9206.19
01HR879PV6112G167MW6YPHSY0,01HR877T3G1AJTRZVQK6BD998C,941,16,5667.45
01HR879PV7CC3NENRX1RGHGJDD,01HR877T6JP8Y1QHCSN04HH022,285,18,9148.63
01HR879PV8R56PS14HMAKGST7G,01HR877T7SK2RBZ63T4RQRZ9HQ,219,12,1741.7
01HR879PV9EXKGDTB6G1QHS61H,01HR877T1D9WN0YS1NA2DM8KKR,395,1,867.12
01HR879PVBYM3V6QHQT8GZNPRZ,01HR877T74ZY1MT9ZHV5M864ZM,834,28,6709.02
01HR879PVCGB5F3S2ARHF5ZC6A,01HR877T6MT40W6N9M5507JXMV,339,42,3833.9
01HR879N4KMNYDAWY2X7TRZTT3,01HR877T2Y21B8854FVQZJNXEX,713,43,862.5
01HR879PDDZ47AD7XTZ129Q605,01HR877T1APB3287N99BAFF1YS,148,21,5423.21
01HR879PRBPE3JX3CFWXD7D3H5,01HR877T34R4EQKJMFXNQPS95M,892,40,1464.67
01HR879PRCPKKA7JGFMPSS7VV3,01HR877T6E4KWDDX6ST7NVM84M,508,18,4889.17
01HR879PREZSAX8S1NHBC0Z08V,01HR877TAFT3ZYBDZP2Z1X26AH,950,30,1066.52
01HR879PRFKATAYVFX1HP6707D,01HR877T8N04GVER777CJK4MZD,883,34,1009.03
01HR879PRG6PMDXRW13H5TRFRJ,01HR877T90C6YMP8D1S7W2B3SN,202,22,1269.54
01HR879PRH9M7GGPVW1DGC5J8F,01HR877T7AG3861MHDABE7J13J,609,5,3666.66
01HR879PRJTZA376XV0W8ZFNKH,01HR877T1AF0J2AWD67QG6TTYE,174,23,7332.61
01HR879PRKTJ8867R9FPBEAR04,01HR877T3SKR1YWB1TFS7NQH8S,472,6,7670.74
01HR879PRMN2882JQAK4GGBZF7,01HR877T67BT9R0JQAZAQPKNMY,4,50,7051.61
01HR879PRND8ZHE0B9S0CZ4F7Y,01HR877T6B8P65RTVZ7YWWPCZP,862,2,868.33
01HR879PRP7PT5BJTVHXZAY4X0,01HR877T7HVCQ0GQ572NVW6SMC,54,18,2901.81
01HR879PRRCNB0B90GMM5NCB13,01HR877TAAEQZQDFJY45D69PRD,817,28,7765.28
01HR879PRSEN543MGK3K1ZE8Z1,01HR877T9AZBKQ7NEPHQ75HSHG,91,45,9756.03
01HR879PRT499Y67078RBD02FY,01HR877T3TSDJRD2D3SFSHEECW,357,15,8879.25
01HR879PRV6KHGDGW9TATQ62VC,01HR877T31DH7AQ5PG6B3ETRB9,877,35,5573.7
01HR879PRW5A2ZVSC1APY6WDCA,01HR877TC0N1PPV35JDNPTN9H7,472,18,4090.85
01HR879PRXQJ9MNNKM1SSKCXV4,01HR877T23TFNME5NGB4CGHDS4,691,2,7153.24
01HR879PRYP2SC52ZT7D1DZTCP,01HR877TAGWWCYMYK585WD6AKA,259,44,2381.6
01HR879PRZJACSB7F8D1WDZQ3A,01HR877T8GNB353T5V9JVQ5SJH,147,45,1525.78
01HR879PS1MFCMR3C8ZTMP148S,01HR877T8JMJA7BVAA88VJQQZC,858,43,24.99
01HR879PS2XPJBJDQT6X504W9Z,01HR877T2BNT2CEQBDJ4ZY9XTG,72,38,2753.71
01HR879PS3NFPVDM4TMPNZK546,01HR877T3C372S0MYVVN32HNQ7,926,29,8935.39
01HR879PS4BZZ8J4F82424A6AY,01HR877T77796F6BCS1TPGGKJN,787,41,3345.29
01HR879PS5HFZMXPVAJSXX7B7B,01HR877TBCFFS2DGDNFF47CB8V,157,7,3050.3
01HR879PS7ED3E240R61A6HEBD,01HR877SZV76PQGA4GGWNXFT8D,485,2,1558.84
01HR879PS8TVCW4F76KWVDNNM7,01HR877T7XWNASV07JH8Z52KXZ,427,20,5415.58
01HR879PS9C7SNNY2YWJJ58WNZ,01HR877TBBBDW95JJNG7653956,80,13,9470.05
01HR879PSA5MSYC8WEQHACH65W,01HR877T2JSFWSXPRNSVJ32HHY,262,19,318.53
01HR879PSB32VQ0KA7F69S054A,01HR877TA82SQNQQPTGRVMYY85,892,1,643.28
01HR879N5QM7ET35B1B7WDBN2C,01HR877T4V1W3KEDTXNGSM7157,929,21,6704.71
01HR879PDN7SJGME95AQGJQYDB,01HR877T7KC6XKESFGAEMGPMGA,357,19,3690.43
01HR879PRT3EVYW3AHTX5PVHRV,01HR877T6D6SECFQGWM5H2XCSZ,713,13,532.58
01HR879PRV4Q35896M7CC65ZZ7,01HR877T78K5TTYFCTB1YCMBYV,170,34,7200.67
01HR879PRW7609W7F19VM58DQG,01HR877T6X674NJ0E6JGTMKZNZ,99,25,4424.81
01HR879PRXKV5DCJQFWQ4N6917,01HR877T3DR7W9B86YF5ZXSTGS,157,5,104.98
01HR879PRYNTXESRDB9YPMNDGM,01HR877TA3NA7DA9R1WCW12G70,594,46,1665.42
01HR879PRZMZTYRQ2AGJQHGH28,01HR877TAS20CJHMRRMV4XZVEY,692,8,8289.32
01HR879PS0F0GPPPZ8000984DZ,01HR877T2NEJ8ECZ2PZV27XEPF,763,44,2147.43
01HR879PS1831DAE819P6ZBBKQ,01HR877T7ZD8CH6MD63X4Q1CAB,358,13,7678.08
01HR879PS20P3WN5K0T4F5ZDVH,01HR877T4HMZ4STYSJCDSWADYQ,659,16,5763.86
01HR879PS4CMDZGQ0HJPNEGY40,01HR877T2Q4PZG49X8HA9S4MGM,747,37,7785.08
01HR879PS52ZDTKQT55MW14SMA,01HR877T9JGGYSXGZXBVN18KPE,915,50,7168.0
01HR879PS66DM937TJ7S7MNH9J,01HR877T7KZ97EK4X1QZ03HM0N,16,29,5062.34
01HR879PS7J1004PDBFRP447AR,01HR877T61NHCCQ8RETHB30RXH,556,2,5157.81
01HR879PS88FE1BFDWV9CE1M7S,01HR877T4PWBW8RB8ZQPTDBFPG,873,49,9343.93
01HR879PS95SQBEY1WH9KAEAWC,01HR877T9FGRR4CTF7RG95RAM0,313,14,7310.83
01HR879PSAM1CXBTS1D9AG9YSM,01HR877T9QPPCP0H07H2VPYQ8D,547,42,6994.79
01HR879PSBYZSFDG3A52YHWBS7,01HR877T7HZNS3CJXR7307R9SM,853,24,594.42
01HR879PSCGTCJ5980RZASREEJ,01HR877TBBZDG583RHVGDCT41J,73,7,6123.07
01HR879PSDMRDVHTS6SJ10HMJ2,01HR877T93Q6FNPGMTV3NZSZAK,95,44,5711.73
01HR879PSE4ACM5V8SNKR9QC0Q,01HR877T6EFACMAQQZZWKTV19J,672,29,5766.2
01HR879PSF9CF0M7Z1B4S7XQH3,01HR877T2YYBVJ91E9CWNPNFT8,167,5,6611.49
01HR879PSGAKK0CB9S5KEDZE5H,01HR877T8WQ1SR87C0ZJAJHQ6K,931,36,3891.43
01HR879PSHK7TDKRMFV1Z796KC,01HR877TBKGXWGK8PQJ0HJQQZF,665,10,3731.93
01HR879PSJE9CKH9BGWNB4895Q,01HR877TAME70ENGDK9SKAKK7E,482,19,9718.22
01HR879PSK04D62KVDG6RSCK0F,01HR877T82R6YYHWNZSKZ4HTBC,602,40,7157.48
01HR879PSM7DSKRGS6C4TQ2TTX,01HR877T0PDN24J80TYMABZ7K1,522,13,4252.06
01HR879PSNJJNN8MJ02C3VAMRV,01HR877T0MC5FWVRP9NCG8AJNQ,628,19,1131.08
01HR879PSP87QYPCTY7XMAZXZ4,01HR877T7R8VZYVF5V70DJH1MQ,427,16,4410.92
01HR879PSQKJA0NE8T6KVGSDXB,01HR877T1TH87N846TP9YABN7J,588,32,118.23
01HR879N561BRDWYM72CVGHE9V,01HR877T662WE0XB710D5GA2JV,549,8,6989.28
01HR879PCVYPB8CE8MBZVBMAK1,01HR877TB68HVXGS14PNMYDASC,204,29,3106.71
01HR879PQS53G3XW5AT7VT35V0,01HR877T9JRYEMBF3QEN966ZQW,32,13,1683.73
01HR879PQVDGF4AR6PEV0QR73R,01HR877T7XXE2A72EYB4F4G2EY,844,49,1176.54
01HR879PQWY6BFP8410DY110J7,01HR877T182VH5R3B5HNBKQQ00,115,8,5293.65
01HR879PQXTCY0C68WBF9N8KPT,01HR877T6K7R2D74W4G6J98CXF,718,2,8883.73
01HR879PQYP8W0338YH9HY6FZG,01HR877T4HDEVP9PY4XFGRKWT1,904,32,9854.39
01HR879PQZR3EW4HEDC7MFZNXE,01HR877T2AYZV291SVYVM47H91,899,38,8992.61
01HR879PR0S7PW0970BE3HM1HE,01HR877T2KHEF9RQJE9S47HTYS,406,6,7356.59
01HR879PR1PX6BM21TQR0AMDPD,01HR877T1WM91Q099YJ5MWVAX1,688,12,9625.05
01HR879PR2KYVJK41Q586W81V3,01HR877T80T4THR1W3V60S7ZG8,69,35,4231.85
01HR879PR3CPP0CR3XXA4N0H28,01HR877T7B2XBP4AQZY4721DQK,542,45,4850.92
01HR879PR43PAJT7QRBD9JEMXE,01HR877T361J135KJDFYTMCTBE,946,4,3144.76
01HR879PR503RMH446257TY1Y9,01HR877TAMRZ852BRPVX27EVG7,161,2,5034.74
01HR879PR66CSHKJ089DG94AE0,01HR877T8RJR83JQQE0ENPAC2P,554,42,8249.19
01HR879PR7MDXRF31R6FJZ1NPG,01HR877T7FFDQYT3B142PSNK0Z,475,41,7966.08
01HR879PR8759K6YCJSSYAKB0Z,01HR877T3HAWF6YG8R6MEYTAJ1,483,48,6590.4
01HR879PR9E0MSTB8FMSH34Q89,01HR877T4CDQ2VF1S7CRXNDYG7,527,40,8587.97
01HR879PRBGVF81X8HTXM4DAPT,01HR877T2F0V10WM6TDDZE54J4,628,24,2249.39
01HR879PRCKJA9DAG6SCHT99BH,01HR877T9PDSXVZ82D532NXMWC,343,36,942.11
01HR879PRD6NRBDYJ7656PV24A,01HR877T6TQF3JFK2NZJ0MBC3Q,610,14,9952.7
01HR879PREYF5016H2S8PY1PVG,01HR877T6HXQYYH7SWAEJ7Z257,622,33,3300.92
01HR879PRFQFXZSDQHC8XPQ17G,01HR877TA1SHXCH3NZZ7WMZC5S,666,6,1435.21
01HR879PRGSVF742T6SHRGMXXS,01HR877T6A0XVSYZNJZKF1GHM1,232,2,7352.62
01HR879PRHBBKYH1THEQYFXC04,01HR877T9P8H4XW8QJS6CR1NRR,650,46,2256.22
01HR879PRJM4B2H5JHFZMHMZRB,01HR877TA82SQNQQPTGRVMYY85,48,29,2610.38
01HR879PRKV1M2TM5Q9ERM7CGF,01HR877T6CZFMJ134WZRQCBB8Y,556,31,969.07
01HR879PRMRD183W6Z1PE92MT7,01HR877T49TXX1RMAX7XKNF0TW,643,17,6465.38
01HR879PRNJHPCHHVQQQ1YGNNT,01HR877T5G5BD3WVYZP0WZDMBY,911,1,3006.83
01HR879PRPQBHCXZ8836231J57,01HR877T1814YQBF32FP5F1F5V,524,34,1055.95
01HR879PRRH72FT7Y4JT38W45V,01HR877T3CN0EF5FA77J7CC4QD,301,21,7133.59
01HR879N5EC4DA0QHZ18VMQ3VW,01HR877TBEMTDDM6W38534SK05,484,1,6039.16
01HR879PDSJTXESNW767GQ1SV8,01HR877T0P14B7V7TBSP8B7XHP,223,22,6272.47
01HR879PRQC7NP3GPW2GTWAPBF,01HR877T30TTNS2XVYM5P4WEGM,480,3,5393.9
01HR879PRRZSJYB80X0NPJDB42,01HR877T6FZF3Q9WCTRXNQWMJ7,124,16,7979.33
01HR879PRSP7SEDJA3RCAZDDJG,01HR877T4ZYHC8M2RCK7ZY1QCM,34,40,6615.47
01HR879PRVWVNHJ33AX32ZRGDC,01HR877T7HVCQ0GQ572NVW6SMC,902,47,5286.89
01HR879PRW60QAKW33HY842TH5,01HR877TAFT3ZYBDZP2Z1X26AH,544,39,4403.58
01HR879PRX7GJWARSHRE7WY14G,01HR877T51KJWRCVZT1D9MA03C,597,11,6637.77
01HR879PRY89SYAPXSFF2WCZ87,01HR877T1H2VA5GMJHMPM6BQDN,542,33,3080.14
01HR879PRZ3BKA9BW5K8NVEQK2,01HR877T2QGWH5WETDKQY681GA,295,22,4064.36
01HR879PS0WKPS9RD92WVPAHW8,01HR877T96VTF4XSRJ563TS1C2,114,24,4968.29
01HR879PS1PNR5EE2P2N998XHN,01HR877T4GN341081978F08M8P,886,32,1746.96
01HR879PS3H8DQN98F054Q7NSS,01HR877T6VCHNHZ0WVGTXDQDAC,177,47,8152.48
01HR879PS4A2Y110C3QBQXTF4N,01HR877TAS20CJHMRRMV4XZVEY,260,47,4629.03
01HR879PS5PJ1TRX8VDGVXVCC0,01HR877T3D55C0NQGHNXW6P00T,659,5,3283.11
01HR879PS6YW63V82NHY77CPF3,01HR877TA6CDNKTN1SKRTW89WY,579,43,5212.92
01HR879PS7TN4MRB7ZPX73DC78,01HR877T41S101MPBF102FSP2B,610,29,7408.5
01HR879PS855FSET9CHHDPHMJP,01HR877T5CTV6P5KQAN4ETBVTC,613,15,3636.35
01HR879PS9X27M9A8F4NPCW6YA,01HR877T4JAC2C92TZDV24H773,796,25,9367.33
01HR879PSBXXVWEGZRP9QVTCEB,01HR877T6ZNZ6HHS6SHQHNKHZS,286,47,1057.32
01HR879PSDBB7ZS3J524BKCEAS,01HR877T7QJXABKTYFR67D2ED5,424,50,3601.56
01HR879PSEEZH85TQ60ERAZ1RK,01HR877T6CZCKDFGD1DHAYBJ46,571,40,4357.01
01HR879PSGJQSZAX2WAKF1TN16,01HR877T2MY8H38NZMFSWNWCAW,272,49,4817.33
01HR879PSJE3TK9CDFVC3CR2DD,01HR877T37Y166EDWB56A1RRDC,833,23,3766.41
01HR879PSMQVJBR7NPG4VKD5FD,01HR877T77J8B9949N4F44MWKT,691,3,7108.43
01HR879PSNK7BVE2BFCH2DTTTX,01HR877T1J4CR84W8TPZ39BDN5,265,7,6062.9
01HR879PSQ39W2ZX0JV7R94PFT,01HR877T7XXE2A72EYB4F4G2EY,540,8,8597.36
01HR879PSSRN74Z8W5EJA0RHNG,01HR877T5T2KYZASW7DY5TN8ZY,821,27,667.92
01HR879PSV40FCA4H23HQ7NDT0,01HR877T7X1DGTBGMB2CQ0DYPK,918,34,6342.87
01HR879PSXSKSP67EXWMM64361,01HR877TB1A00CDH72FRX3GKC8,173,46,6278.67
01HR879PSZAPD6YNZ8MYPW7REV,01HR877T3K4P3JXNT65KBZ2B0X,286,45,4733.54
01HR879N61XY3B8BK8QYXQF2PX,01HR877T7FQ997A3EYY93HYKJW,675,6,7935.61
01HR879PDPG027VTFE1VCMRJP1,01HR877T386VF126SSGVBXB64H,557,4,3869.29
01HR879PRPG5YY2RG3SZ527HWA,01HR877T2AYZV291SVYVM47H91,933,4,3883.79
01HR879PRQNZ0HHJ6G2JSZGJY5,01HR877T68DXY076HFVKH34V45,267,45,3770.42
01HR879PRR27J8F7ZN6DKTWXBT,01HR877TBSFGBZKBG4P7P9PTM3,402,25,4688.04
01HR879PRSYCGW2AZF0JNEVGDT,01HR877T7810YA9ADCC29TSWJ4,146,40,4509.31
01HR879PRT9SW16QVBEW758AWX,01HR877T6FD1DK0V47MSRQQHSC,487,38,9156.64
01HR879PRW4FZPTH3SN28TVCMS,01HR877T7B2XBP4AQZY4721DQK,623,36,7785.3
01HR879PRXDB4VYBRF9MQN0FNF,01HR877T76Y518X2YRVTP0VGEA,503,7,4009.65
01HR879PRYBSCXTM1MQB59KA7N,01HR877T7QXJCJSJV9EKJ3YC8W,279,18,3514.32
01HR879PRZ7F9KED5AVRENKMTS,01HR877TB1K3CF1PFA928YW3P7,651,48,5213.56
01HR879PS0B1PN082SXD135TYM,01HR877T8VYJNBFWN1H8ME155V,163,17,8255.59
01HR879PS1AJAH5W0NNKCBRBX5,01HR877T3J1DBJRD60RV7Q506P,630,18,4323.82
01HR879PS3B0S5KDHANE8X14RH,01HR877T9N95JMRSB2AVWZQMNW,167,7,3811.28
01HR879PS47ATGG0X7C17CANB5,01HR877T0EX6A77SXS258AT5W6,635,11,3422.28
01HR879PS5DAF6VPD3WWK7XWFT,01HR877T7KC6XKESFGAEMGPMGA,926,10,8810.9
01HR879PS6Z8GGBYCEA2TRR0GT,01HR877T1E5EYMWMDF7HYTBFZB,109,13,1349.77
01HR879PS7A4FHDV51AXVDAS1F,01HR877T4RVZ2DARY3MQAXQ9C1,111,47,9174.43
01HR879PS8496YKPM7PS821PF6,01HR877T54F81MJN2ECNCRGQT3,794,10,6473.08
01HR879PSAV2JRK6J1CF3K33JT,01HR877T13YD1138EPM9NGKWW0,302,12,3861.02
01HR879PSBGC6AYB4MAGV40PGK,01HR877TAX7T6K25N09TKF5R9W,784,19,8743.02
01HR879PSC7DQ3Y1GPGBK0C2GG,01HR877T4ZYHC8M2RCK7ZY1QCM,691,24,425.23
01HR879PSD3C3G899VHMC7EMSK,01HR877T2TTSCH18VX2WCZ8J8A,302,14,2898.38
01HR879PSE7M11REXRFBY3XMBG,01HR877T3KZ6JNW16WCBKXSZW5,704,14,6206.54
01HR879PSF39JTR59P013945SC,01HR877T82R6YYHWNZSKZ4HTBC,776,23,291.91
01HR879PSHN37X97AGERAGZ5YJ,01HR877T8YQAC481D4J0421GXX,586,35,3034.95
01HR879PSJGKE691KX78G93MRH,01HR877T4MKSQ90TVNBX7HBFHV,904,50,9491.07
01HR879PSKHAW9QDNYB1WC5M2Y,01HR877T57ADXKM31MGHAS0CAK,880,8,6142.66
01HR879PSM745XV9H8HXV4666M,01HR877T3WHXVGG7M7RHDPVFYR,272,36,526.29
01HR879PSPKMG7DZK9R1QAWY65,01HR877T477X9HM5BAV1S766T6,584,30,2436.59
01HR879PSQXTJ3R8S4VE76YQGP,01HR877T8C7D5QZEB2WK8TGA2S,558,29,7943.65
01HR879N6C68HM0Q6ENA95VJZV,01HR877TAME70ENGDK9SKAKK7E,564,23,2138.3
01HR879PEDPFGG4S6RMYNZM80B,01HR877T8Q1S6JAYVGK4GBAZKY,392,7,9334.77
01HR879PSDNZHQDN1E90YB29RG,01HR877T69YAKWRX1AAWN8QTK7,364,15,4353.05
01HR879PSEBF23XAX86483F6XK,01HR877T6XVRPGG8HPZ52BPKE3,916,4,8736.39
01HR879PSFRG09FDR8XVG95KJ7,01HR877T55HWVG92YKFDTS27QZ,881,21,7133.25
01HR879PSG4K8SGP4JZBGRDFXE,01HR877T9TTHM3CD40B60BWJDJ,19,8,9558.34
01HR879PSJ759WCSH0B9BBX4MF,01HR877T5A7WRRV5MC0NG9NG10,655,31,3907.72
01HR879PSKPAJ1ZVDSSMBB5T00,01HR877T23FM8W37N40Y2WH60P,365,24,9453.11
01HR879PSMJA6WWMAGHWP14QQ1,01HR877T93A5Y3DSWWH7METPW9,768,17,1036.41
01HR879PSNERNDTM30E752JRY7,01HR877T44QEWJZYX2VKCKFGAR,38,28,3982.69
01HR879PSPX5K61QFQZ7N7V8JY,01HR877T8NK99KV931A9GHYB4Q,411,2,268.13
01HR879PSQGDRF6EB6XAY1XQFH,01HR877T1T9TM1GYJ53Q6DQ3HQ,222,47,1223.09
01HR879PSRME31FCJ24NSYT60Y,01HR877T5SA1QJHK4S8PWF4JR5,406,12,5796.79
01HR879PST89BR8VPBPWH4RERF,01HR877T80T4THR1W3V60S7ZG8,159,38,2297.1
01HR879PSV8JFQBD01YDN86KSZ,01HR877T6TQF3JFK2NZJ0MBC3Q,755,32,2395.89
01HR879PSW275P3YVRX3S39JCN,01HR877T8YQFWARZFTYJQJEQPY,774,29,2402.75
01HR879PSXRDBC13TTPA13F1S9,01HR877T9PDSXVZ82D532NXMWC,454,13,2993.28
01HR879PSYTHP4GQD82AY2K71W,01HR877T3MBTN5S3S4GESNKMB7,249,2,6803.82
01HR879PSZH6BC1R51YXHAP1W9,01HR877T3D55C0NQGHNXW6P00T,876,47,7856.61
01HR879PT1XP7XY8F4T6JRSX2B,01HR877T0WD0KE68K5YPWB2A45,592,7,8871.82
01HR879PT2P775ENPD77GD5E70,01HR877T75EHACASERTRBVP8PY,829,23,7203.4
01HR879PT3DB051WS3E30C3EST,01HR877T9DYQAXGYJDMA0YAX2A,24,42,1914.53
01HR879PT4RHWGDWPNWSVTQ8QT,01HR877T4YP914DCD9GTDQE6YF,497,47,5409.49
01HR879PT5B4DB0B6MRN0CB736,01HR877T1D2F9RQ0B0MGKD5GAW,566,44,1804.43
01HR879PT6JJCD3EBH7ASM0RS1,01HR877T766ZMGZ3RNGBWV5XDM,643,50,296.59
01HR879PT7ZE8XBH8CCMGTVAG5,01HR877T2C6GR1H8X6K3CKS30N,530,12,3487.2
01HR879PT9RCHZK6RREERW1AV4,01HR877T851KT9TDZY31Z7FGNS,574,21,9999.4
01HR879PTAK959KVDNS513JXXG,01HR877T3W6ZWQ0EF3BPR9Q5D1,301,13,9997.04
01HR879PTBWBPMKZ5Y76BWTMZZ,01HR877TAWWRS2CJWHSRD3TC4N,600,19,716.07
01HR879PTCGH9EC0MZVCK07PR2,01HR877T1W52DER33T54MD3447,217,48,6275.45
01HR879PTDP20FW87ZVD4Z179K,01HR877T13WYA4QJWKW990X8MQ,471,4,7020.07
01HR879N6W49ECP0Z3WRWT9J13,01HR877T76RJQ16WA5SCN2YT20,188,47,9584.75
01HR879PCGEFWHG0TV795S9J64,01HR877T3CVX7EPEAD2T3KB78C,407,16,679.14
01HR879PQJHW2E5GSVWFWYA43X,01HR877T8YQFWARZFTYJQJEQPY,925,21,5333.67
01HR879PQKYQ2BZPB7JX87FFWS,01HR877T9HJTC2RTCQK0G40GNH,279,17,8601.34
01HR879PQMBF1C43VBF598013H,01HR877T66A5D8G08JBTKSKYNR,904,43,7203.73
01HR879PQNK2032FRSCG7J1EDF,01HR877T4WEWTPSWEHP1VX9TZ9,282,23,4412.88
01HR879PQPR6TYK2K9R8HB0QG3,01HR877T77796F6BCS1TPGGKJN,720,23,2275.51
01HR879PQQ3KH1T679FJBGK30Q,01HR877TA8Y91ASEHRBM9DZGT1,284,3,8092.99
01HR879PQRD5HW1X2B9GBHXFR6,01HR877TAMRP5FXT7VXWDQ2Z82,612,13,6817.15
01HR879PQSM6PRQ0GECCQMNSG9,01HR877TBCGCF5HJB8NGA1M20K,121,22,9802.91
01HR879PQT18QZ6KH0VT751QEQ,01HR877T3W6ZWQ0EF3BPR9Q5D1,667,34,1952.49
01HR879PQVB34E4Y1F0VH2EGEE,01HR877T24ADQM254HGWP4RZQ1,798,10,2788.81
01HR879PQW4V879XQEE40EJY6X,01HR877T93MTX8W28HB5CPKVJD,59,36,3546.45
01HR879PQXZ77JR7F1VMBS1N0N,01HR877T8E52T3PNP77JRRZ0T9,778,6,4570.64
01HR879PQYYRKC73XM5DZH1M3V,01HR877T1R4SY4KWJ0Y9D1BWY8,202,12,6883.72
01HR879PQZ14905MA2F0BE3SC6,01HR877T8D8G9J355B1QGBYA1A,301,34,2768.21
01HR879PR0PMKF59T2V68VBVER,01HR877T7QHM416TWDPHGH1YJY,202,43,5121.79
01HR879PR199JM7SX2B29YSMYP,01HR877T2SGNFA0EMBR5EQ87AT,729,13,5602.3
01HR879PR2HARJAGMX78RFYR41,01HR877TA14BHN31XBKBNYAECB,603,22,7352.48
01HR879PR3Z40ZVP0P0AE7WPSG,01HR877T3S6EWJH6B8RYFZ0T3T,833,34,1432.2
01HR879PR4FRXEPSFBPCQ4EQHM,01HR877T5SY7Q0PKEX1T640WS1,779,23,5398.63
01HR879PR5P0KBJAS71V5PD05E,01HR877T8HXMG8Y4ZHNM6CBG1S,375,44,8201.4
01HR879PR6XVHKJNKS1Y141S1Z,01HR877T4HDEVP9PY4XFGRKWT1,809,40,1024.57
01HR879PR7GZXMDT0CCEQJSA1Q,01HR877T3KB9N3JT16AKTDB17D,154,34,9695.47
01HR879PR8CZDMGBKNK0MKC8HJ,01HR877T2F0V10WM6TDDZE54J4,492,25,3088.02
01HR879PR94G5TFMZD1A19AY29,01HR877T90ADC6WNHH7569XH58,781,10,1564.04
01HR879PRAWR3XGNXXXNC7HH60,01HR877T8C7D5QZEB2WK8TGA2S,236,42,3807.24
01HR879PRBN7VBH09RJKJRX8T5,01HR877T0TBRNCJ2HNNAS0T5BS,43,13,9622.2
01HR879PRCBE8NCVG77ZVV9QRR,01HR877T6QYREM77WG8XY79HVG,25,43,3755.04
01HR879PRDJYE0ZSCX7E3GMBR9,01HR877T7X0ZTHKF5T7E1WPCYY,339,24,3268.52
01HR879PRECC4WXSZFDMT2N3JW,01HR877TBJCC621B07ZXDQYE7J,736,6,7069.74
01HR879N78833R2MWAHKQWN1ZR,01HR877T81W3Q7BKBKA3QZSB5X,636,49,7302.51
01HR879PCXYGEVN3BD6WW7FQRJ,01HR877TBGNBBNW3G070PW044B,330,21,7629.97
01HR879PQZZ87E36FHHKD5GVFN,01HR877T23TFNME5NGB4CGHDS4,695,29,3243.5
01HR879PR0DJBZRRSX3YKQ5C89,01HR877T33NZJSPGWG15A3RRZ6,900,33,1433.94
01HR879PR10YC3B624XRE6EQ1D,01HR877T0PDN24J80TYMABZ7K1,880,45,1044.56
01HR879PR29QDPACR3KH2D740Z,01HR877T6F67GT2RE8YR18CGF0,354,9,8229.7
01HR879PR31NGHA727ANAN6M1B,01HR877T9FGRR4CTF7RG95RAM0,913,48,8970.22
01HR879PR4E2H98SSE9XC6J2MP,01HR877T8KP52DXAG7DC57ZK8K,526,32,1883.36
01HR879PR6KSCMYRAXEGRA62A7,01HR877T9A1MXNKPM7YYERM03R,387,7,3627.22
01HR879PR7CSN0P6WGH1XYS566,01HR877T5XZPH5VM5Z1R1VGTRD,810,49,6225.86
01HR879PR8PCRSM12HHM292MV0,01HR877T1GBR1FY1W46GK5R66C,703,26,6675.09
01HR879PR9Y2JB3GDEDC893MVT,01HR877TBCGCF5HJB8NGA1M20K,70,6,41.22
01HR879PRA35995M8VT06BX9ZE,01HR877T2YAD32QQRV0ZKZGZYS,669,9,6709.82
01HR879PRBHKFJVZDNT0K6ZJNW,01HR877T1ANW09PFMQ1C3KZSPN,315,11,3417.99
01HR879PRC3ZGBHMJMRMMKJ370,01HR877T7KTBC1FNZEFH49MH8P,837,48,5778.47
01HR879PRD7WV56R35TZ5Y9GFS,01HR877T29B4N3FRXN4JH4XAYW,499,17,2131.24
01HR879PRE6H6YPXWNQ5JCXWWJ,01HR877T9N95JMRSB2AVWZQMNW,364,24,9465.5
01HR879PRFNXBTQ8FENHPF0D1Y,01HR877TAS20CJHMRRMV4XZVEY,751,41,532.56
01HR879PRGATJHTP1PS8SN2S5Y,01HR877T23FM8W37N40Y2WH60P,823,8,4202.01
01HR879PRH515NPJ65995Z8RB5,01HR877TB8WDABFY7PBHYPV8RE,872,26,2490.89
01HR879PRKA7MZK41MDWDR9PVH,01HR877T46S8NPH00S8HTC0FNB,155,41,6702.62
01HR879PRM6H13G8HACNSMEWVA,01HR877T5G5BD3WVYZP0WZDMBY,308,22,4914.51
01HR879PRNBVX08ZY5DJJH4MRE,01HR877TAPXVW690DKDVS55GDW,399,28,669.63
01HR879PRQH7VNX1CRF5JFSMQX,01HR877T41JQHEV3W4XE8Y7MT1,924,18,3241.66
01HR879PRR9ECRP33K7X7WY1NR,01HR877T3DMQ5D1W83A0AAKZE0,659,14,7936.11
01HR879PRS8C1PJSH0MT966FVY,01HR877T2AKV7DGXJNSKQW0BZX,42,9,4148.27
01HR879PRTEC25Q4FAK2P37P6P,01HR877T32QH899REY8T1JR0CG,80,37,2799.58
01HR879PRVM4AXAFFHJXNWNPHV,01HR877T717RAKMH4AYQAGWPX5,315,13,8980.72
01HR879PRW439R5MR4SGA3TS11,01HR877T9VAS5Z2ZMQBCVQD0TD,69,27,1384.55
01HR879PRXRVMRJM10E5VR1GZG,01HR877TB49E09775A7Y5YPQ1X,407,12,5030.02
01HR879PRZNJZF9FK3RDC1J17S,01HR877T2G0FC47X47NWCN86X0,233,31,2926.66
01HR879N6R8Q7W1WBP7S0HNHZC,01HR877T851KT9TDZY31Z7FGNS,6,19,3328.82
01HR879PF248N8DS6V095TK0PD,01HR877T54C6HV5STXPQ5FA4FB,204,41,3016.81
01HR879PT0S7Y8PNQA3RKQ0H66,01HR877T8E52T3PNP77JRRZ0T9,604,35,4391.87
01HR879PT1N2E4EFBC4RRHCN1H,01HR877T2XHE4E69EBX6Q5HT02,198,31,5326.58
01HR879PT214WZQ20QZWN90KB8,01HR877T5T2KYZASW7DY5TN8ZY,275,25,2353.89
01HR879PT34W0M6SD7V9TEY3FB,01HR877T7PAY0BZ5FFE0FN83G4,766,36,9864.96
01HR879PT4A8MWBEDG3GTJ6YDF,01HR877T3GAY9PQ6EYNKP8CQPE,660,21,5234.49
01HR879PT5WWXPRT53CQF4BE2Q,01HR877T1PYXHMJF4998GRNFG1,440,10,9348.39
01HR879PT6XW7VQZAMZ3NB1VS2,01HR877T4VKN0E7DKK2G4GV20J,371,6,7389.13
01HR879PT73AS1MN10BB3A9FWB,01HR877TA7YVK7D5X88TENMHA6,683,18,4384.2
01HR879PT8FW9G93N62F18D8J6,01HR877TANTK9HD932RDV83RTS,684,50,403.98
01HR879PT9Z9VPMJ3TYPXE9B5R,01HR877T6ZB9HCNNBPG91KS5Z5,210,22,6979.68
01HR879PTA2JZBW4SRZJ62XA4Q,01HR877T4HDEVP9PY4XFGRKWT1,81,50,2201.79
01HR879PTBHA3XHBN4MDNJHT26,01HR877T5Z85SREA2DDY3VH74H,866,13,4462.37
01HR879PTC0VMW0AVNNTG72PY6,01HR877T3HAWF6YG8R6MEYTAJ1,286,6,9687.47
01HR879PTDQYVQWGKRBF7FJXCB,01HR877T23YDVDEN0TTSK96MDQ,858,14,4644.57
01HR879PTEXV95C1HCC0AEX6PH,01HR877T89AQRHCEMCJSNG9J0F,855,44,8972.76
01HR879PTFB88ZKKX6VDNV7XNY,01HR877TA2Q0SZ6BTDYRAVCX2Q,935,41,2209.58
01HR879PTH8P14W3Z125K0TE4S,01HR877TARE91JYG5936NVDRS2,175,42,7307.69
01HR879PTHEPBE6K04YJ3QDK3H,01HR877TC4TP55EYY1GCTEC3V6,767,15,6536.46
01HR879PTKTXK12YW40AQ0M8GQ,01HR877T6VZV7GKC0CQAWSN0DE,899,32,8582.38
01HR879PTMXGXS8AMW7VXY0F20,01HR877T0S7Q9A1T24RT22HPG4,834,1,1639.75
01HR879PTN4Y7XC0YH6RPXEBVF,01HR877T2W895EV5R2EMTKZ79S,828,41,7734.66
01HR879PTPJ30W4269SV5GXVGG,01HR877T6K7R2D74W4G6J98CXF,216,1,1064.81
01HR879PTQQWHDFSV5G13DEN4G,01HR877T2F0V10WM6TDDZE54J4,887,31,3578.05
01HR879PTRD90Z8PN39ED05ZMB,01HR877T4WEWTPSWEHP1VX9TZ9,431,35,9276.04
01HR879PTS7R70WPSS9JZQ9X17,01HR877T8CHES1FE61TTRT58E7,561,23,5409.94
01HR879PTTVZM3EV8HEWD1NFVC,01HR877TBH2HJ0Q4V0FDAQXCBE,607,16,8382.02
01HR879PTVN4ZMB6KMR8E6JYBG,01HR877T11597AR9B1TGSRQGJ1,456,21,7363.62
01HR879PTWPQ7SAEYP4FECVY8D,01HR877T93QSFP3AK4AXZ87BHY,439,20,2057.42
01HR879PTXD94EY8JWNMCPX6EM,01HR877T45KQ0J61M85QGZ6CA0,469,48,128.5
01HR879N8BDBZA0SDW9Z1PSK9K,01HR877T2C6GR1H8X6K3CKS30N,615,30,6542.12
01HR879PEBWHPZS5VCJP9M95W6,01HR877T1XKQ3D6JXZASGE00AE,820,50,5519.46
01HR879PSGY2VTM2GH44SV3NDS,01HR877T78K5TTYFCTB1YCMBYV,94,21,8246.49
01HR879PSJE9K7X2R156HK1W2X,01HR877T63TMWTNYDM5HDEVT6H,782,46,3152.14
01HR879PSMXBQGW01AMS2STH9F,01HR877T3DS1XCXTXTM2FS9712,392,44,7561.29
01HR879PSPMF9428MKBRB8YQBF,01HR877T2JZ5YPEKS9P50B5TYX,130,40,8648.4
01HR879PSRC92G9WAP96S5F4CG,01HR877T7HKZTAT4SEWHXB54DZ,827,43,4067.98
01HR879PSSVEQWM00SB7RBPF5K,01HR877TA03Z02ZS0AKP34GTM5,757,12,8578.33
01HR879PSV1K63R194P795CT57,01HR877T3ZGPCDCCK4GQPVJJ82,44,39,495.33
01HR879PSXPX7GYQF7Y6R5HKSP,01HR877T2AKV7DGXJNSKQW0BZX,219,34,1188.25
01HR879PSZM882CXCHGRPDT2Y0,01HR877T7QJXABKTYFR67D2ED5,295,44,1465.93
01HR879PT0H5WPRE86C5JH5AAM,01HR877T697P59DJWSRFT318RJ,349,12,3847.32
01HR879PT3VMZNX5ME5648Z6QM,01HR877T49X45W727YDMPRADE5,907,27,5912.46
01HR879PT40R0VQCJ84XWWMW46,01HR877TA5J8XPHCYEVNGN5W4G,18,20,5606.14
01HR879PT5NHFP3347HYSYVEN6,01HR877T8R0MAEWHQY8ZWYYZFD,320,3,6435.23
01HR879PT6HP4Z10JQV30DFHAY,01HR877T6A69YARVX2BXJVTWDD,644,22,7852.92
01HR879PT70ZNHYMK4JEH9Y8CF,01HR877T2D5KV45B9FF7P00GF5,833,44,905.5
01HR879PT866A0S3EM7TQG444V,01HR877T2GNNQBK93VZTFC55FA,609,17,1600.77
01HR879PTAMS5AEN1MDYZ1QSSY,01HR877T8GV60EYMDW5BGXFDAC,855,3,8762.76
01HR879PTBPRQ32GWH01A7SEA3,01HR877T89AQRHCEMCJSNG9J0F,607,11,6878.46
01HR879PTC4VX58YV3ZT6FJKP4,01HR877T1CZCSGKY74N3H9T22D,819,38,1022.87
01HR879PTD9C5M6JMC771GZ3C1,01HR877T2QGWH5WETDKQY681GA,207,37,1105.08
01HR879PTE24R17X02JFJEPPN7,01HR877T71R5MBWHJAM8F0WVC8,929,5,2972.69
01HR879PTFQDC8F5NY7JWEGT72,01HR877T1X8V4TB0C21QA38QAC,143,44,1956.74
01HR879PTHJ9V2FGFQY8GVHQM0,01HR877T2C22S64B14GWVV4K7C,675,16,3955.16
01HR879PTJC87SQFE267D8M3MQ,01HR877T8Q1S6JAYVGK4GBAZKY,149,33,6655.41
01HR879PTKZ8TH5A6BXHSD5R0M,01HR877TBPAVKGVP0063NYW82M,643,39,2703.3
01HR879PTMR6WNARWCMFT6NXA5,01HR877T5GGPFB3Y6KX87NV851,781,39,2415.82
01HR879PTN111FK42CJR4VZRW7,01HR877T39M2CSNJKV4YD7QWP2,113,38,575.21
01HR879PTPAJPZ6CY5JCMED44H,01HR877T21C24W2QASTWZZXA3J,549,34,3050.6
01HR879PTQS0JC031DZR5R2NPH,01HR877T2EJ186G6HAKX6220NY,452,49,1650.08
01HR879N7YYWR33D3MBBJNMJF9,01HR877T1APB3287N99BAFF1YS,741,50,5661.57
01HR879PD7GBMN1KCJ2WP67G4J,01HR877TAMRZ852BRPVX27EVG7,930,47,845.48
01HR879PR9BRN03CK7Z25WKH55,01HR877T8GNB353T5V9JVQ5SJH,308,36,5651.82
01HR879PRB1GHQNRCGB0XM81SE,01HR877T7ZB864W3TR68Y1CB7T,784,18,1595.82
01HR879PRDMPTC4TMPJ68C14GK,01HR877TANETK640R1V0WMMMM7,284,23,554.13
01HR879PREHRJ7ZC0JCX4MNCE0,01HR877T74W8XRMA3KK4A7RED6,306,34,9731.39
01HR879PRGQWCFHKQC234GT2WK,01HR877T44QEWJZYX2VKCKFGAR,101,44,9504.83
01HR879PRJBEBBKN3SG96PM0ZK,01HR877T8637VZ1BQHCCGCTNTZ,701,48,706.98
01HR879PRKC1TM8BR4EKWEW0NM,01HR877T55Y66C03AZSN6ER9JM,676,6,3332.8
01HR879PRMRGP22MT5JVPZN116,01HR877T8Y360DX65FD47FYM55,546,43,4043.21
01HR879PRNPNHFXER2195Y5AYY,01HR877T31TEX7A61VJH6FKCKV,406,24,7077.22
01HR879PRP9VY0GXKC36P8A2PS,01HR877T8350DD7YDWWP3PQW26,299,3,1490.45
01HR879PRQRMX04C6YC264PX9D,01HR877T8Q1S6JAYVGK4GBAZKY,668,18,8198.4
01HR879PRRRS5V0R419G3Y0ZPP,01HR877T7HZNS3CJXR7307R9SM,151,32,4001.75
01HR879PRS9ZZFH5WZVS2744R1,01HR877TA4ASGJMA6HMYRV0Y1M,783,49,94.39
01HR879PRTBAN5H6S7QP6CRYZX,01HR877T1R4SY4KWJ0Y9D1BWY8,484,31,1309.12
01HR879PRVPV4RA21J4TQ2HTQ7,01HR877TAAEQZQDFJY45D69PRD,219,37,629.09
01HR879PRWVMKRDVC0DPF9K646,01HR877TA03Z02ZS0AKP34GTM5,265,1,6501.39
01HR879PRXN09YMB3R666AX66J,01HR877T64P1554WNKWN297HV1,264,48,4682.03
01HR879PRYYGWAZ3W02A7GCD3P,01HR877T8P0A2JSJX5MJPAWVAT,718,24,8714.52
01HR879PS0V5Z44BH4PASM07A6,01HR877TAX7T6K25N09TKF5R9W,229,30,4164.69
01HR879PS1ETMTS5ZVV76R7W8Y,01HR877TB7FR1GSRSZ1BFD4KQ6,664,5,8672.26
01HR879PS237AXENYAQB1E5G9Q,01HR877T21W7KQ9WT070ZKP931,349,41,4233.82
01HR879PS3YZ48ASYHVG1RTMGQ,01HR877T5SBXAP39300X80AFJM,306,8,5092.83
01HR879PS4X0TBN5NE14BA6RYT,01HR877T22A46NSKWD0Y1ADGEX,41,3,9163.45
01HR879PS511SYV64Q80AYFC1N,01HR877T28VDXMPMCPHN6YMZ1H,869,7,8818.1
01HR879PS6CP8CDRRP4SH58046,01HR877T85DPM8Y45MA17E1Q5R,94,10,5364.45
01HR879PS7N7J5X0C7B0BSDAK0,01HR877T4H6SJ8SFNWW59T75PC,900,3,5622.46
01HR879PS8P5E4GKGTXSTKK969,01HR877T3EBWHQPTXFEBYZJGYK,616,11,8463.58
01HR879PS9V1DKKG3SVWSF17BZ,01HR877T40CNBY5YPF5JSBVSWX,432,31,5074.34
01HR879PSA6CCH51MFVG4GF1E1,01HR877T4393680SFW2DT767Z1,665,3,7064.24
01HR879N86M50KJM5HNBA76HVW,01HR877T1ZQSFWP822HQAR22CZ,820,12,6245.43
01HR879PCMX62CNWAFX8BNPXV7,01HR877T5ZZ69QFQVHZ3WPK2V4,468,5,9505.12
01HR879PQNH3XFEM4KQ9ZYZPXC,01HR877T634F7CWKV9RT7K9444,592,43,1430.85
01HR879PQQDRDP3SQTXHN3N51M,01HR877TAE19FXZAN93GBTS513,120,16,7410.57
01HR879PQRJ2MYPZMEAW9774SZ,01HR877TAJV447TBD84NH3V3WG,718,29,7428.9
01HR879PQSJX6YH7P2CXWPZ6DR,01HR877T8JMJA7BVAA88VJQQZC,334,36,3519.15
01HR879PQTD6XJYM771ZT63CCE,01HR877TBMTNVJHRTTSN8BS6RM,460,25,6056.63
01HR879PQVMZW1QBC8E8FY5YB4,01HR877T2N3F74XBH4BQX3BS0J,49,4,5680.88
01HR879PQW5K8Y4PCA56XTZHD3,01HR877T56P48EC2HV01K15S8N,773,10,3693.58
01HR879PQXDTG6AEXYYBA6V9NK,01HR877T8NK99KV931A9GHYB4Q,575,10,3903.2
01HR879PQYH1HFCCP09ZHXJ2RX,01HR877T7VW2B46FKW38S52Q2G,161,22,6081.1
01HR879PQZ6QKS5GATRFBBNY13,01HR877TA8Y91ASEHRBM9DZGT1,311,43,6633.77
01HR879PR0RCMSB6QYJW3VVEHM,01HR877T2EYZP9SQCBVXPVV2NC,480,19,1607.83
01HR879PR1KJ3WFB625225714N,01HR877T4Q79FWFCGYP71R0BYS,153,19,7852.3
01HR879PR2GJPES642VKH3HCZB,01HR877T1786CGDBCSVTQNHQPK,519,32,7223.61
01HR879PR3SYHGX6CS9CJ1SDJC,01HR877T9S9PVBVH2KP1PTSYFR,707,14,4498.99
01HR879PR4J2PJWJ3W8MHXH9FR,01HR877T8MJXP5WQ80PRYN7WBF,380,11,7725.52
01HR879PR5763AS67MMKM8RZ19,01HR877T3AKRK8W3J3DY7R6MJ8,510,26,209.84
01HR879PR6ZPEPD9F1FMXPD74Q,01HR877T880X035V7CX0V8T7XV,232,26,6797.47
01HR879PR8SD6T9D8CHX14M727,01HR877T0YSA1K8VV8ER17PJK4,561,33,485.6
01HR879PR9HP90VYKGCWPTX5SH,01HR877T2175437G11BFW3Y9SP,284,49,2625.22
01HR879PRBQ46JSQSJKDDW7T18,01HR877TAQS1GFMRSDZM32Z41D,659,48,3418.08
01HR879PRDS729H2RDJQZ2JQGX,01HR877T2KHEF9RQJE9S47HTYS,34,14,5916.91
01HR879PREKMERKE2WG5HTWNNZ,01HR877TAWYXRXFGAMTPJG7XYJ,84,39,265.19
01HR879PRGEHGCZBFYA7KSZ12J,01HR877T1H3X10XY5YNFGDXCG5,57,14,595.99
01HR879PRJG9XPCDH962EBZXMC,01HR877TAMRP5FXT7VXWDQ2Z82,735,13,6873.19
01HR879PRKT59HDA3GSQ7NMKVK,01HR877T3C372S0MYVVN32HNQ7,729,10,86.89
01HR879PRNPCRGGQZBX6815FN6,01HR877T2T4AHS61D5FHTX976E,620,39,4419.64
01HR879PRQEH109NXGYEZAQ1PV,01HR877T21W7KQ9WT070ZKP931,844,4,7057.23
01HR879PRRW2GJWY80CY9STETQ,01HR877T71PQ6N45YKP8A6GR03,375,45,1127.4
01HR879PRTZB58MZRGF57AF7J0,01HR877T13YD1138EPM9NGKWW0,544,29,1234.29
01HR879N878TW6QQD17TREWRDJ,01HR877T6F67GT2RE8YR18CGF0,299,4,401.56
01HR879PCFG2TR6PDDBAZB7RJX,01HR877T7JQPBSR3W67KME4WC6,210,23,4052.46
01HR879PQE7BAXGME3VN7R21B9,01HR877T5VPJ7H8SQQTCEWH1SZ,66,34,9737.94
01HR879PQFWCZ80GF8BASZNSFB,01HR877T7NKFRHP1B0MY388N01,273,35,5589.26
01HR879PQG2D5KSNMT60RBXW3G,01HR877T9P8H4XW8QJS6CR1NRR,924,40,2363.5
01HR879PQHDR0BMSY2JVCB18NF,01HR877T7XY7VRVHDF3H6MFVCG,384,17,6219.31
01HR879PQJG1JHT2043PA3MBRS,01HR877T2KSG56RKS2DZZXPDQW,292,4,238.41
01HR879PQKR6RNDK2PW6EFZAMV,01HR877TAVAXEQ0A3TQWA1V29N,67,43,5581.23
01HR879PQMGMDGA26GPA8KPJYD,01HR877T8E52T3PNP77JRRZ0T9,794,23,5042.51
01HR879PQNPQWZCJWX7AJ4Q9HZ,01HR877T9AZBKQ7NEPHQ75HSHG,396,37,1071.11
01HR879PQPSHZPAFPKPDE69FSR,01HR877TA5K4TBAEDWAWSRMJTJ,637,36,9393.26
01HR879PQQ901VMRGYENHWH1K1,01HR877T3ZG4TM5PM20VHSQJQC,421,27,3575.59
01HR879PQR5FGMKYPRPM3Y9Y0Y,01HR877T8WQ1SR87C0ZJAJHQ6K,114,38,1910.13
01HR879PQSE8BERB4VT40CTH6G,01HR877T346RRRQ2QJG5Z4WSWQ,178,34,3835.95
01HR879PQTK8H9197EXFPSFQEP,01HR877T4Y232GC72NKVKS4JDQ,718,32,7103.54
01HR879PQVVJWC4W2QC862VFQE,01HR877T39GW71Q6KGSSMGFNSA,252,34,2462.13
01HR879PQWHAZ5GH0W4Z0NC6D8,01HR877T33J1DFHM5T428MXT4G,568,4,9173.26
01HR879PQX8V0CZFFR9ATF79XX,01HR877T2JZ5YPEKS9P50B5TYX,877,41,7392.76
01HR879PQYRTNQJMNN3E2AP2VR,01HR877T1FCMPD0WD81TYEKVFR,203,20,5370.92
01HR879PQZ5YRX9EQ0MVXEGG7T,01HR877T7SF3GH8CWJR4TA00FT,764,18,2633.71
01HR879PR0KY8QD951KV71ESDV,01HR877T6MT40W6N9M5507JXMV,589,49,2277.56
01HR879PR1MD17TVZ8A8MQSKAR,01HR877T7R37WEP0ZK9KHE85K6,386,30,7316.7
01HR879PR2RZYQ2W48H2HQXAWX,01HR877T8ZRSRGYN5ZY58EM9D5,334,5,4046.93
01HR879PR3JH05AXW6RST84T1G,01HR877T69SJH8Y1YQ376ATRFM,215,2,1680.71
01HR879PR46T4GYAW57ZR0CCF1,01HR877T9X8H7F1WZ0SSGD34RV,268,45,1580.88
01HR879PR5SSZZ96H4PV21TC1Y,01HR877T5W3XWV47B7JESNNHRX,133,2,6224.65
01HR879PR6E8RR24BEXM08KSAA,01HR877TB259CQS82BDD5136YY,476,31,5098.79
01HR879PR7J6FMVYRF2R4S6QQ7,01HR877T7BF58GZ6QN3T4RC717,36,4,5966.22
01HR879PR8JAFGESN2FP0YGB36,01HR877T7T9H6K5BVT70FXCPR2,250,50,7061.41
01HR879PR93ZCQSJTTEC0BVEF4,01HR877T2HEJHKCWS4W85DND13,702,22,4377.23
01HR879PRAWND0VNE51M0ADMXA,01HR877T510RM9Y0QB6KVYSGPH,313,9,8508.04
01HR879N8JGSDYHRPHYEWRNBQJ,01HR877T38WP8DKR6Q8QKK6RH7,572,16,1492.93
01HR879PD7C4GT4W6GFE0RX7Z3,01HR877T7W7WTG77Q4H1S9M189,849,40,8748.05
01HR879PR7A4FDJAW0SS993CA9,01HR877T3VXQANYCGWSD8Q635G,216,28,79.58
01HR879PR9E07RZGVRVM19HET7,01HR877T8637VZ1BQHCCGCTNTZ,448,49,2657.58
01HR879PRBQ4EW3BAKRQVYZ2WD,01HR877T4CDQ2VF1S7CRXNDYG7,818,1,2495.53
01HR879PRD46NJ8VZJYCTTZF8J,01HR877T6RRGDC61S1WD8VN68P,682,24,8779.39
01HR879PRFQR9C25ZR33RZZA1G,01HR877T9820YZT4YQ1WFMK1G5,617,12,7981.89
01HR879PRH2F6GA0438TY9FE68,01HR877T7T9H6K5BVT70FXCPR2,290,28,8271.88
01HR879PRKA0TXSZ1ZNDVF1X8Q,01HR877T31TEX7A61VJH6FKCKV,206,33,6338.79
01HR879PRNGTB7K5H29EPWBV96,01HR877T5X0VD02Q7YP4YQ22X9,4,12,8273.77
01HR879PRQRJF4ARF9DF5011F8,01HR877TANPK59BDSRVKWAK1SV,932,7,6958.53
01HR879PRS3YM3CFCJTK7BDTFQ,01HR877T4PNQ67YSJ5323XW06E,200,7,6339.52
01HR879PRVXEDGKKMV9S2917X4,01HR877T9QKMATG0PWTZ8K4K5A,98,35,2439.39
01HR879PRXT10J4XVC5ZQ6V66D,01HR877TBQVVZ0S5AJPW1WFWHA,875,6,9852.66
01HR879PRYKZV2QJF1J3D2YX3X,01HR877TB3APVWV2DWKJQMY4RY,657,23,3033.9
01HR879PS0DW6KGBYR1D2RWS7K,01HR877T2EJ186G6HAKX6220NY,700,7,8366.96
01HR879PS22041B1MZH69PXF6D,01HR877T5ZZ69QFQVHZ3WPK2V4,880,44,8669.11
01HR879PS45278XB3NH2HF9N7H,01HR877T8PZ263GGA281NFNA1P,557,28,8995.31
01HR879PS52J6EYQ6XVP93SD0N,01HR877T1ZQH67MT5VYE0KGR0X,93,42,5901.08
01HR879PS66BS887TD58E023RJ,01HR877T1H2VA5GMJHMPM6BQDN,371,30,4033.11
01HR879PS78YNWEQEFK46ASJ12,01HR877T1X7NP5RP8BDNE03EX9,234,34,2627.55
01HR879PS92QRYPSX4R0GNT1JG,01HR877T3MBTN5S3S4GESNKMB7,357,3,856.74
01HR879PSAV6ADA63HFFW8TRHF,01HR877T1KR69D0BMVB41FJ87R,712,22,1449.64
01HR879PSB5N8D8Y0NJ72FJ6SK,01HR877TC29JKM12AG77EGBB6V,120,1,6310.52
01HR879PSC1C6VF92SFB8WZ9GZ,01HR877T71PQ6N45YKP8A6GR03,683,28,7473.86
01HR879PSDWSD72WWANFJY0E6G,01HR877T2F0V10WM6TDDZE54J4,19,1,7329.62
01HR879PSEERY8H4P9KF2FJBPW,01HR877TB8WDABFY7PBHYPV8RE,294,8,5198.07
01HR879PSF100BMMQDDXE9AQGM,01HR877T8DK4MTPC3YK0YR4A4M,227,28,3063.47
01HR879PSHA7ZE6155DXMWWCVM,01HR877T61MR3RKCM4RZWZF2XR,749,41,7392.36
01HR879PSJTWZGQ5RQD8Q3FXH9,01HR877T4AWC604YECAY43VYYD,889,8,404.36
01HR879PSK6ESVKTHT08F9AR6R,01HR877T8SQTXAWW5C8SCV5ZW5,564,25,7143.73
01HR879N9B21E94Y3ENP1CPDA4,01HR877TAQ6RXQH3BRPDTVR5SD,199,3,1748.17
01HR879PEN7AWBCNA7Z9DMKSFX,01HR877TAKA6QXB0Y9ESQ3PYV1,393,17,6549.56
01HR879PSREFQYP5NH4RBK16NV,01HR877T51KJWRCVZT1D9MA03C,432,4,1725.18
01HR879PST3G1TBDX3TGF2T58J,01HR877TA1SHXCH3NZZ7WMZC5S,867,2,8600.64
01HR879PSWYJNXKPJ1AGA9SV3X,01HR877T2T5RFHV8QYKGNKK1BF,762,44,6400.45
01HR879PSXCV8YHAC3VAHM48F2,01HR877T69SFQYTQF35BKWN8S3,779,19,153.19
01HR879PSZDYNRZVA7CHD00JYT,01HR877TC1R8FVZR04MX4NX779,644,35,4032.81
01HR879PT1CBJCHKN7S5R4415J,01HR877T22MQMRKXGWMCNAXEJX,86,25,6789.44
01HR879PT2WN8JCP4KRN9EK4A8,01HR877T7MSDE6JMQ0FHJE9ZCP,657,22,6684.38
01HR879PT408GRS04FVWAVA8R1,01HR877T441JDJK89MJQFXJN8H,113,50,8193.76
01HR879PT6JTXH27WEXHXH766Y,01HR877T1ETR7F54XZDBP4VZZ4,672,4,5991.81
01HR879PT8MBMCVSFKMQN1YKYB,01HR877T2V5F63PX5XTKA2EC10,299,25,5214.37
01HR879PT93RPM4GVBQJV70VQ5,01HR877T8Q1S6JAYVGK4GBAZKY,400,46,2962.9
01HR879PTBVCGM6CQMJYRG9J9P,01HR877T9N95JMRSB2AVWZQMNW,388,44,6504.6
01HR879PTDDVBSPFQAKARFP34Z,01HR877T3TG7SXNKS9RCBHPZN7,586,4,8287.67
01HR879PTFCPM6H5TWJF346CT3,01HR877T9CT3WARMB7YF2J83YD,537,3,6898.69
01HR879PTHYF3WGW7R6VHNPS4A,01HR877T79B69GA1XWHMVQJMKS,526,12,2490.75
01HR879PTJC76TP0NVG8KK5N7Y,01HR877T35A30BWRQEM9WW0C76,754,40,245.74
01HR879PTMPQA4Y20GA8JRCV3G,01HR877T6CZFMJ134WZRQCBB8Y,779,39,3615.03
01HR879PTPCDRGPVXKPJBVGTDP,01HR877T7GVVBFRV13TMV1XTHK,696,18,158.86
01HR879PTRZ11KBG3C6JM7M759,01HR877T6W4KNZEW7JX3X22AE4,297,33,1.46
01HR879PTTG0JWFKQZ1MA32FYJ,01HR877T2YBE9HEEVV1E4HJ28Q,593,3,1584.6
01HR879PTVS7XX5C6QB012NV74,01HR877T5Q7KA3NJKTTCDTJWEG,792,29,3079.01
01HR879PTXHCVE4MCMVNWM832D,01HR877TBQVVZ0S5AJPW1WFWHA,304,47,9031.66
01HR879PTZB2X6TXZKKPS99QFV,01HR877T6B8P65RTVZ7YWWPCZP,138,4,1357.3
01HR879PV0EJAHYWJPKNBN0VA3,01HR877T9DF09X2YH7F7909P3D,156,30,8096.32
01HR879PV2PAH8R3VHF6W58KWV,01HR877T4ZF8FQGMAP55T4NCKJ,344,19,5687.75
01HR879PV4QZTT823V039A1KAX,01HR877T39QAVM4RGKVE57W1EV,212,45,1669.11
01HR879PV51XQM3RQ5KX9R5WQ2,01HR877T93Q6FNPGMTV3NZSZAK,411,27,9899.65
01HR879PV65E47NY1H07VE1046,01HR877T6D6SECFQGWM5H2XCSZ,266,37,3059.06
01HR879PV7595FCQRYZ9WE0RA0,01HR877T35PD0MKCD0MEQEVN34,387,27,6415.6
01HR879N9DZ7ZEEXYVSV95EMQK,01HR877T31DH7AQ5PG6B3ETRB9,745,16,1133.37
01HR879PDMHGB7BZPMFNT8YHFR,01HR877T81W8XR3GH11A2CG9FQ,121,9,6630.14
01HR879PRNP85SCVKPKT0P137D,01HR877T7P50QR4R3V75BE324K,151,31,3293.1
01HR879PRQDPFNMSMEVADJBEG5,01HR877TB7T2D0QGDCR0034MAA,164,36,1946.6
01HR879PRR95YZ146859HHXHPR,01HR877T2Y21B8854FVQZJNXEX,618,24,7150.89
01HR879PRSP3GPGJY7E9WRZ69M,01HR877T9BKJD9K51B57AG2MR0,666,26,6637.89
01HR879PRTMWEHKEVGT6Z4RW7R,01HR877T7CZJBF93V46ZZ8RS12,794,35,8220.44
01HR879PRV4R882EVNMDC4NHX4,01HR877T91P5S6FRJ3Z5GKQR3N,336,37,8548.09
01HR879PRW62S68P4RTV2EY7N3,01HR877T6ZJ9KAAR3TD76BF7B6,302,17,8081.55
01HR879PRXVEE5Y5CFH2BCQ059,01HR877T3HAWF6YG8R6MEYTAJ1,523,20,891.92
01HR879PRYYK2RSMRZTPMD5VB1,01HR877T9JRYEMBF3QEN966ZQW,584,23,3964.04
01HR879PRZN158DPPDVPEA4G4Z,01HR877T7F9FB6P5FD6EX7J3CS,252,19,8325.52
01HR879PS01ENB6YCGFP2D64EW,01HR877T8D8G9J355B1QGBYA1A,62,15,7213.67
01HR879PS1JD5G9Z65BW05CKYE,01HR877T9N95JMRSB2AVWZQMNW,493,21,5128.88
01HR879PS2N4GTQ7CTAD4SWM20,01HR877T93HBNP6VZV6RPR9A2G,833,15,5005.36
01HR879PS36QMZRNE6MB7CV9JN,01HR877TAVAXEQ0A3TQWA1V29N,613,13,4537.69
01HR879PS4CTQ7RCGY9H5FNQNV,01HR877T51KJWRCVZT1D9MA03C,210,48,4314.99
01HR879PS6H58VT0AKGMWBKXQ5,01HR877T4GPNP30KVDY2MGXFRK,443,17,8325.33
01HR879PS7X5M92BW4FK7PQCWT,01HR877T3C372S0MYVVN32HNQ7,86,26,9507.42
01HR879PS8JY1S71W1QS837CC7,01HR877T22MQMRKXGWMCNAXEJX,406,23,7178.45
01HR879PS95X08PXN0G0G2YHPK,01HR877TAANBFMEVJJV1WM61ZZ,49,30,1954.12
01HR879PSAY9E0PD8ATESJ69H0,01HR877T6CDSSCQ009EYGCVJJD,105,16,2456.5
01HR879PSBNWB506X85F7K8JP0,01HR877T8G1CF5F0DC0RNCZQP5,1,29,8349.42
01HR879PSC6Y6DZD2FH83M77RS,01HR877T9KHYDHZFFZD69Q3ZJF,824,16,5266.87
01HR879PSDH5PZD3AF2YHWKKDJ,01HR877TB68HVXGS14PNMYDASC,899,1,5427.11
01HR879PSFMG4DR8XP7PXT7RHE,01HR877T717RAKMH4AYQAGWPX5,827,36,4578.0
01HR879PSG726Z49DT60HYK94V,01HR877T67GRH35QTNPVFE532N,572,40,8071.83
01HR879PSHPCZ65P418T752TZV,01HR877TB1K3CF1PFA928YW3P7,228,21,6845.14
01HR879PSJ83Q34HYB8YBBJKWJ,01HR877T3TG7SXNKS9RCBHPZN7,315,27,4321.62
01HR879PSK9323G0MR99PD7G96,01HR877T21C24W2QASTWZZXA3J,626,46,959.73
01HR879PSMF9Y4VX86X9HXXQ7Y,01HR877T1Z84VMKSCNQC2R6QSV,847,27,7260.68
01HR879N99FWNKY1QPK90F575D,01HR877T21C24W2QASTWZZXA3J,211,45,4081.72
01HR879PEGXDD257PZB1YG6N1N,01HR877T7F9FB6P5FD6EX7J3CS,844,18,7127.79
01HR879PSG65G7SAW3YZQHFSN9,01HR877T37Y166EDWB56A1RRDC,547,17,689.89
01HR879PSJNETZQ6NMFZ897DSD,01HR877T3C372S0MYVVN32HNQ7,244,15,9600.43
01HR879PSKMJ6HXJT1N5RFQ2RP,01HR877T2G0FC47X47NWCN86X0,737,11,6829.08
01HR879PSNG9Q7K3AHBY2P0V8D,01HR877T12KAFG42FCB8NFFMJK,594,39,5083.8
01HR879PSQGM5VHJSAFCF4ZGAH,01HR877T7MSDE6JMQ0FHJE9ZCP,7,4,3580.22
01HR879PSRG52GY6DGK8DXCZ51,01HR877T0QQST2XA4PKE2SWW9C,376,14,5799.39
01HR879PSS41HQ8N7S0ZG2S4QC,01HR877T9Y0NDDPERXP4VCP25Q,323,9,5170.75
01HR879PST6JB2ZDT3K1MSVW0G,01HR877T615TDDQF9S01PRPX3M,482,47,9189.23
01HR879PSVJSGMC647XVZZW49V,01HR877T87RHYEZ8YQWAP5YZKE,354,43,2773.7
01HR879PSWMC99YPYMJRNF3PVN,01HR877T9MWAHXK2SA3GC8HC5G,344,9,6847.56
01HR879PSXBY6SZ7GVSJAK58VQ,01HR877T30T7Q9PPZWW00JG1SA,569,47,8346.56
01HR879PSY8H1PNYS0GVMX3X9R,01HR877T7W7WTG77Q4H1S9M189,479,6,2525.28
01HR879PSZPN8R9N6E8K8E92WQ,01HR877T73P99QSTBYCA50F4A9,57,19,4196.06
01HR879PT0D6S31BAE2GQF18PT,01HR877T836TM0X0N08YSP8BZF,945,11,5807.78
01HR879PT2TE3EV97ERBPE6JBB,01HR877T35JJT3HH0QD04K5JTY,463,23,7922.8
01HR879PT3CY6AVRGFWKSY6P1R,01HR877T3GTCVYEMNR37Y2JWV7,831,9,2506.46
01HR879PT4SEBDFMXRFME412R8,01HR877TBEMTDDM6W38534SK05,292,6,5135.21
01HR879PT5G835DH2MA772NM66,01HR877T6FD242XQBZ9K6TY02N,12,11,6980.93
01HR879PT6X7F0CD8W2VEF7GZQ,01HR877T0MC5FWVRP9NCG8AJNQ,685,25,443.33
01HR879PT751C5WXXAMWMFBM7T,01HR877T87EY2H28QFN3S9MXGJ,316,48,1661.84
01HR879PT8JF38S6YNQ2X9YV7M,01HR877T6CZCKDFGD1DHAYBJ46,762,47,9906.74
01HR879PT90DY4633G96AWX5MT,01HR877T6RRGDC61S1WD8VN68P,541,39,5180.58
01HR879PTAFBT61YBMR17NNXS5,01HR877T7ZPDGY8KM9PEWSC0Z5,732,32,3263.59
01HR879PTBVKGXFAH559AYDEGK,01HR877T71PQ6N45YKP8A6GR03,894,38,977.62
01HR879PTC14ENGKJ9YCJHD9Q1,01HR877T2GYZXF6YQA9KDJ4X94,76,25,4856.35
01HR879PTDM8YJ7SE1AZVVDQ8T,01HR877T6VCHNHZ0WVGTXDQDAC,267,39,5875.18
01HR879PTE966ENGGHJHRR16BC,01HR877T6JP8Y1QHCSN04HH022,324,10,1226.97
01HR879PTGNFMR8B1C68X3WPN0,01HR877T1814YQBF32FP5F1F5V,900,26,5196.87
01HR879PTH7VZ1NYXTZY2BJPK2,01HR877T90ADC6WNHH7569XH58,722,41,6171.79
01HR879NA3CETC684F5VSM0P75,01HR877T56P48EC2HV01K15S8N,942,42,8400.56
01HR879PCVS73R7GSEZ1H5YSYW,01HR877T9S9PVBVH2KP1PTSYFR,747,37,6556.73
01HR879PQX77VHEJ4NSA3DWWF7,01HR877T0G018MWCPVJGVE34P3,85,29,7144.9
01HR879PQYMMGMXF5Y6J5Z2WA9,01HR877T4FM8MW70TXQRJ5C00X,631,31,7203.0
01HR879PQZZH3HV7H2B38JP30K,01HR877T6TQF3JFK2NZJ0MBC3Q,327,32,8754.95
01HR879PR0W5JF5N3P99APX9RV,01HR877T44MTMGSMEAWSVDW0FZ,406,45,4076.27
01HR879PR11VZVSWCYMP3323EH,01HR877T3J1DBJRD60RV7Q506P,840,23,8149.69
01HR879PR2WP9YX1X3TSTSJR2B,01HR877TAFPVTA7453TVS7Y28A,495,13,5628.11
01HR879PR33NCSTWQ88NRN0GBS,01HR877T2G0FC47X47NWCN86X0,56,22,2164.47
01HR879PR4DGZ96CHG8BHNS6CH,01HR877T69SFQYTQF35BKWN8S3,695,8,9208.17
01HR879PR5WPXV7HGJ1KQ0TMDD,01HR877T39M2CSNJKV4YD7QWP2,698,18,7484.89
01HR879PR61H7TVPP4D4KKTYE6,01HR877T361J135KJDFYTMCTBE,37,1,7988.28
01HR879PR85B247JKQM5NZBE7Z,01HR877T15NJRBRPC26CGC8S2B,369,46,8464.25
01HR879PR9GTPESTWTPYDC2K35,01HR877T6TQSHRPYP9PS52NTSE,891,32,486.4
01HR879PRABMKH0BRF4ZJZW9BN,01HR877T34S2A3N8C15B8F2XA5,104,47,8436.87
01HR879PRB4FS7SYC4YC66155F,01HR877TB7FR1GSRSZ1BFD4KQ6,330,31,6690.63
01HR879PRCEFAZBQFRBXJ9FVRZ,01HR877T2424FJ9A90J6B7BC1K,917,22,5482.82
01HR879PRD9TN4XVVV4ERJS04A,01HR877T3WQCFV0EVRQDN1RA3N,749,35,4471.93
01HR879PREWBSG7VMRCNRDC3TA,01HR877TC1RJDZEZHX403XJPKW,898,47,6465.02
01HR879PRFRH7M8DY9QZ09YZT7,01HR877T6805KM72FPXFZRDH2S,734,46,9364.53
01HR879PRGWKXKNN61AZZDCXV6,01HR877T9JGGYSXGZXBVN18KPE,443,24,9580.94
01HR879PRHZNEZ020G09DR0WG9,01HR877SZV76PQGA4GGWNXFT8D,604,15,8774.79
01HR879PRJCCNBDM7NM7XXHE2A,01HR877T0VWZ7PQ2AN4BZKF1FJ,526,49,5100.5
01HR879PRKJ9Q7T58QEZSD3XPP,01HR877T3DS1XCXTXTM2FS9712,666,38,9665.84
01HR879PRM8D3JNRDWN0YVV28M,01HR877T6SGZPHAKF0X1A0CJMT,785,32,1335.36
01HR879PRNXSGBFJMPC8P575FZ,01HR877T0MC5FWVRP9NCG8AJNQ,58,46,1259.66
01HR879PRPMMMP0FFR6THQ5677,01HR877T5EKKGMRM36K5G992KM,891,37,526.34
01HR879PRQ37AZ7A5TFJMJB77J,01HR877T6ZNZ6HHS6SHQHNKHZS,357,45,2889.93
01HR879PRRFKMF3JBSS9TZDAPQ,01HR877T9KHYDHZFFZD69Q3ZJF,1,14,5224.7
01HR879PRSXWHHJ8RYGC00VDTS,01HR877T4GPNP30KVDY2MGXFRK,782,1,5150.21
01HR879PRTFZV8ATB052CB0WB8,01HR877T29B4N3FRXN4JH4XAYW,728,23,3300.94
01HR879NAAXM7GKVWFSJNBM34W,01HR877T2T4AHS61D5FHTX976E,858,12,5846.84
01HR879PCZ5QMYB5B7YQ9T67H7,01HR877T2C22S64B14GWVV4K7C,144,23,1660.71
01HR879PR2PA12SX5TWQRER8QZ,01HR877T7ZB864W3TR68Y1CB7T,769,42,3974.75
01HR879PR3K283ECEMXXSNBJG8,01HR877T1ETR7F54XZDBP4VZZ4,583,26,6585.55
01HR879PR4EYT2H6G5GDVE381G,01HR877T3NFNDQ1GVPJJHJK6XH,608,26,6101.05
01HR879PR512KDDCRKJW9YS9KS,01HR877T4ER6TKHR788S4632MZ,161,5,5991.88
01HR879PR6K8RQE4H73CY2QXPG,01HR877T40CNBY5YPF5JSBVSWX,782,9,6929.29
01HR879PR7YDYYD7028R5CWTHY,01HR877T8Z29PF0Y2K9NXYMD7T,712,43,1361.51
01HR879PR878QDCPCF3DJMPH1D,01HR877T2E9M4Y0651YXN69FMQ,419,20,1173.75
01HR879PR9CVAR8XJHN8VJS0MK,01HR877T361F83PSMQ9S0NV7PG,78,17,9306.52
01HR879PRAN9E86JVF534Z6W85,01HR877TB09K6871Z8NV72W8TX,726,19,4585.86
01HR879PRBRKKCPX3NJ9QZ61YJ,01HR877TB58M9WY58K9ZE4Q4J7,731,23,4441.1
01HR879PRC430RE7CNVTQX150M,01HR877T34Y8YYV9KZ443P294D,765,38,2335.68
01HR879PRDBPSH1HGPF408Y2GN,01HR877T4GPNP30KVDY2MGXFRK,892,11,6796.59
01HR879PRE78Y821AETEYR6VRW,01HR877T7FFDQYT3B142PSNK0Z,408,19,5907.22
01HR879PRFEEFS8B6G1T9DE725,01HR877T2JT8BS7180X1HHANB6,311,46,2418.28
01HR879PRGRX6JC50JY5RWAVQ0,01HR877T29B4N3FRXN4JH4XAYW,139,4,3958.98
01HR879PRH7YFJJT8KBW84B4DV,01HR877T945M996X9E1ZGGVS27,91,23,1540.25
01HR879PRJFD637J9YQ764MEMQ,01HR877T0REV4328E9Q8DXHRY3,587,25,8491.61
01HR879PRKAN38GBJJ3M9VQ6P1,01HR877T7SK2RBZ63T4RQRZ9HQ,723,29,4146.26
01HR879PRM4WZZM3TW4CNANKWA,01HR877T4RJ9J64EZXAH9JX2EN,817,4,2226.47
01HR879PRNJS603KFXJWTVTCTX,01HR877TAJ6Z2HS8BZTWJM0F3R,452,29,6302.45
01HR879PRPVY8B6NPVFF9AEJP9,01HR877T8HXMG8Y4ZHNM6CBG1S,544,48,1400.42
01HR879PRQH8S1A193SFC50CTC,01HR877T3EBWHQPTXFEBYZJGYK,654,6,682.96
01HR879PRRNZ7X7ANJH3Q1BFCB,01HR877T3N5BS5FV2BSYBQS7G8,831,28,2707.16
01HR879PRSKKRHDHK8JMRWVWGC,01HR877T4M5TTW5T80NAR7TXF9,830,22,8940.34
01HR879PRT9D681146708EHCYH,01HR877T7NKFRHP1B0MY388N01,556,26,894.98
01HR879PRV67YN2EK6GZNMDG6H,01HR877T3W6ZWQ0EF3BPR9Q5D1,483,15,9504.75
01HR879PRW63Q18R2BXEVMNBB8,01HR877T5GGPFB3Y6KX87NV851,908,29,2236.62
01HR879PRXV165H26BQ3QW36KW,01HR877T9DF09X2YH7F7909P3D,657,31,4665.04
01HR879PRYG7HKNFQ4CPQ1WMF0,01HR877T2N8EB49FEY1EX6PPPM,915,24,1120.1
01HR879NAP260WSSHRM09JHFXG,01HR877TB14VZ1HY7SDVF71745,549,49,947.65
01HR879PF65GR1FEHVR9QMVANJ,01HR877T8CQ537ZV0QTX4N5KCE,345,2,2376.78
01HR879PTCQ27E654QAN2X2XKW,01HR877T0J3B76VM7BA672GA5W,908,18,8976.29
01HR879PTDYGH2Y29C9ENREDAC,01HR877T5X0VD02Q7YP4YQ22X9,799,5,1184.82
01HR879PTE3Y9Z4M7HX5ZWA4Q1,01HR877T93QSFP3AK4AXZ87BHY,467,20,4767.87
01HR879PTG42XMG7CYJJ881VX6,01HR877T5V262NZRBZXGKJAQR1,558,25,2474.22
01HR879PTHRATFVPN94V5TVMGM,01HR877T7R8VZYVF5V70DJH1MQ,730,30,2985.59
01HR879PTJQTWHKPX9CFF8RXWA,01HR877T1MZYRW86R4QAXN04E9,773,11,3932.57
01HR879PTKH8Z5MWDFDXHJRPT9,01HR877T8350DD7YDWWP3PQW26,450,48,4280.68
01HR879PTN7TJ16F94VRH8FA7H,01HR877T37Y166EDWB56A1RRDC,629,31,1647.43
01HR879PTPEXJQB9CVB44CEGGD,01HR877T4AWC604YECAY43VYYD,189,4,8573.25
01HR879PTQYKVJVQB8DF5RWY37,01HR877T1E5EYMWMDF7HYTBFZB,361,9,7260.09
01HR879PTRNC72DW67HEQKCEHF,01HR877T8EPJ8Q6M58ECYJ6CMW,143,50,3369.47
01HR879PTTJWED29CEHHK2Z9PE,01HR877T9RCT91HEV9N7HYQDWV,853,36,489.67
01HR879PTVJNAG34R419CKYFXB,01HR877T92NKJHR74XE69QAA20,439,11,92.01
01HR879PTWR4WMGATJHBB9FYHS,01HR877TA4ASGJMA6HMYRV0Y1M,619,11,6505.95
01HR879PTXW83MSNH67J79EKA0,01HR877TB8NR2K3F422WQ1B8VS,288,35,6170.3
01HR879PTY3WMPFSCTCFMAMR02,01HR877T10Y9TMHWAZGCAD3XFS,716,32,6722.82
01HR879PTZR6AE1QKYTKGA7KDM,01HR877T39M2CSNJKV4YD7QWP2,667,37,1538.98
01HR879PV008J1N6K6FT57DB6J,01HR877T7ZD8CH6MD63X4Q1CAB,544,1,4618.45
01HR879PV10749QZQJF9DF5DW2,01HR877T5A7WRRV5MC0NG9NG10,490,19,1075.06
01HR879PV249DHBJQMH8ZHQ7XA,01HR877T1HD0B5P71Y30D89SZC,181,11,165.91
01HR879PV2NREV9KY4FG160BJK,01HR877T997ACQMKA20H06XACR,748,45,1256.07
01HR879PV35MG9QDP0NNGTWEGD,01HR877T8R0MAEWHQY8ZWYYZFD,746,26,6273.56
01HR879PV43G5R51PW7E7EQC9M,01HR877T1P5AKJVNVZHJB19JQ0,859,4,9428.97
01HR879PV5824DYG33Q12NCXG5,01HR877T8MJXP5WQ80PRYN7WBF,803,37,2026.45
01HR879PV52WY7AV8FHFWD8E0E,01HR877T2C22S64B14GWVV4K7C,354,17,7711.94
01HR879PV6X0FQ48N4J4MK27V7,01HR877T1PX9FF2XG80HGNN71F,948,26,1713.57
01HR879PV7MCHPX9X565XAAAEW,01HR877T1R4SY4KWJ0Y9D1BWY8,273,27,307.93
01HR879PV8XKWJSGEPAGB8SBY6,01HR877T4NR2WMFX0FDNCWZ0BB,329,11,5920.83
01HR879PV9D56JQ1KEXBZRWVHK,01HR877T361J135KJDFYTMCTBE,950,31,4041.02
01HR879NAMG1J4YZDXDJJWXYN6,01HR877T2F0V10WM6TDDZE54J4,648,11,967.53
01HR879PD16DT8YMBK62KEHSR8,01HR877T2G149M3MWD2207FZYE,776,50,9591.45
01HR879PR0J86P3AFNPFPQ3PZX,01HR877T81BMV1DHKPMW7A07PW,343,15,8265.54
01HR879PR1FCW8XH1TVYEHQNP0,01HR877T3DS1XCXTXTM2FS9712,640,41,5039.91
01HR879PR2XS9WHEJV5T1VNVDH,01HR877T3GNRNBC91W4Y2Z5SAX,457,27,26.32
01HR879PR3TRSKETNW3GPB6RJ8,01HR877TA14BHN31XBKBNYAECB,670,38,7596.99
01HR879PR4ZXB74H3AQY31F7NE,01HR877T3B5VAC8SQXPRCRH9YJ,582,43,3332.87
01HR879PR6CA37T1Y7TCMT21GF,01HR877T4F642QN88PA60NB442,394,34,3781.34
01HR879PR76ATGSSKH3KJ3AFXQ,01HR877T2E9M4Y0651YXN69FMQ,4,30,7538.67
01HR879PR8HM0FRFWV2J0SKZ67,01HR877TBT1TKJRSC9MRXVCH6R,773,10,7491.2
01HR879PR9H32E0TAYD7X3BW5K,01HR877T7D5JSXP405Z2DVVJR9,290,21,7057.68
01HR879PRAFP7TTC3VD1MCJ5T5,01HR877T2N8EB49FEY1EX6PPPM,717,50,7520.26
01HR879PRBTJG8D069AFHMARVE,01HR877T56P48EC2HV01K15S8N,180,23,1877.8
01HR879PRCVBX0HME488YJ5B1Q,01HR877T8P0A2JSJX5MJPAWVAT,119,17,9530.45
01HR879PRDMXQJXRFG0ZFD6NCB,01HR877T9QPPCP0H07H2VPYQ8D,243,46,1742.84
01HR879PRE3ZKDYV2D10BKP4EH,01HR877T12KAFG42FCB8NFFMJK,326,29,1145.46
01HR879PRFRJD923DZQTCQPK2H,01HR877T75BVNYADGQNV177D9K,233,23,4357.67
01HR879PRGMMERZKT5SQNH6X44,01HR877T9WEYKEXA4NWTDX7G6K,811,22,5589.81
01HR879PRHEETH0Y284AAT0NYK,01HR877T7HA8G6A7F90ZX5MXA8,887,24,7604.3
01HR879PRKWCE9VR1G27GQ31DW,01HR877T0P14B7V7TBSP8B7XHP,804,40,8871.73
01HR879PRMQ77N7JV0QTE6SDVC,01HR877T8GNB353T5V9JVQ5SJH,834,43,8412.34
01HR879PRN953M8ESCNYA614VV,01HR877T8BY5SVXHAAVP7XMTP2,444,25,640.56
01HR879PRPJ6EVDQBYN8FF0DRP,01HR877T3WHXVGG7M7RHDPVFYR,105,9,8328.55
01HR879PRQ8K19WYWEC8EX6V8F,01HR877T5A271G8PMX0KD7ZMBN,578,8,6432.14
01HR879PRR7J7Y628MHH48KT9T,01HR877T846KNFAG8VXXCC9TMF,81,22,5867.66
01HR879PRS9FWCNJNST0NNGTQZ,01HR877T79B69GA1XWHMVQJMKS,88,15,8564.4
01HR879PRTR58W6RJ3PDEQKXZZ,01HR877TBJ71J47Z24XPR8WHM4,500,3,7106.57
01HR879PRWN5HANZDW00ARV0RS,01HR877T1T9TM1GYJ53Q6DQ3HQ,564,10,1746.76
01HR879PRX5P4K15993P5HKP0X,01HR877T6FD1DK0V47MSRQQHSC,730,45,3070.2
01HR879PRYX3HPCVQDBZK2PP6J,01HR877T7SF3GH8CWJR4TA00FT,856,42,9148.48
01HR879PRZR18XN4WH1AXVX96H,01HR877T0S7Q9A1T24RT22HPG4,24,38,8007.39
01HR879PS0VF4WQDB41YSTDF2R,01HR877T8Z29PF0Y2K9NXYMD7T,901,39,2926.22
01HR879PS1DZ2DNR44PV6HPQ46,01HR877T77J8B9949N4F44MWKT,86,5,7657.15
01HR879PS2ZTJQZZD44DWP5DNT,01HR877T0EX6A77SXS258AT5W6,199,41,5932.88
01HR879PS3HP6D2JRZ5H5EG75Y,01HR877T6NP8V3NT29CHJBJ9BG,334,39,1858.49
01HR879PS55CBEC5K36E4Q0GS3,01HR877T7SG2X3YPC3EGN6WF9P,142,2,5451.89
01HR879PS66X1XVX8B5QDR3NJC,01HR877T33J1DFHM5T428MXT4G,4,43,6491.31
01HR879PS7R60QJRS6VVTZQ9VJ,01HR877T8VYJNBFWN1H8ME155V,818,18,3458.89
01HR879PS83J0M80Q2Z6T8JA1T,01HR877T4SH867DG7W1YEWAQPK,831,41,9037.0
