product_supplier_id,product_id,supplier_id,supplier_price,supply_date
01HR87CP43H6SMGWV2MGCN0E42,212,01HR539PPTVYC0VNX5YPB270J6,12.07,09/07/2011
01HR87CPSSJ5HMXB0D77VG58TT,923,01HR539PPVRG6ASBGCV0JD3M7E,500.27,24/01/2020
01HR87CPZAY6WEKRDXPBX26H1H,60,01HR539PR3VY00NZCPSAGW5AM6,38.61,27/05/2012
01HR87CPZA6PGY4BREJ7G3GPM6,296,01HR539PR47YHVGQXQ91BXDMHJ,474.73,23/01/2017
01HR87CPZBHD6B3X5REKXRY9ZT,271,01HR539PQW79Y0W654FJF12ZTR,651.74,30/12/2012
01HR87CPZBMYQ044ST1HMSB8NK,615,01HR539PR4MJZKBJVRVBPSMW6Y,665.74,18/06/2018
01HR87CPZCSBKV2TBQ4VJM370H,318,01HR539PS0Z4SHMPHFAEAN11XV,985.82,20/06/2016
01HR87CPZC1H7P7WMK6P7T00F8,338,01HR539PRB1V4BEMRBHWAKENYQ,424.25,07/03/2011
01HR87CPZDYW7KQ0WXPMNK2H04,611,01HR539PRQ4PH9DNPC5YXRM7PT,938.78,26/02/2016
01HR87CPZDR1A7SZXJJAZQT714,863,01HR539PRTZYECAH1MKXYRJ0PW,261.83,02/01/2019
01HR87CPZE4DATDFRMHJP1BPWK,281,01HR539PQC57V612AZW27B2ZGT,958.73,08/03/2019
01HR87CPZF6PTKSTSM0K2FAETM,639,01HR539PS2FAE68FY8TH172T5X,89.74,07/06/2010
01HR87CPZFJNTXEE19RV7379VY,308,01HR539N0XAKZ0ZH0WM9CFHX65,699.68,12/02/2016
01HR87CPZGY93B88D0NPSV2DYG,633,01HR539PQK8W786N1WQVX6CXX7,824.2,01/01/2011
01HR87CPZG0C60M2GFFZVQJTYQ,599,01HR539PJ8Z19BJ6JWRA6EF7FT,804.33,12/02/2018
01HR87CPZHBBF45DWDJDNCZP1K,141,01HR539PRQKKYDX58HYPXMR3CV,935.34,01/08/2016
01HR87CPZHCKKHP34MT42TRXJF,654,01HR539PQG21TM1K9YQ9VSBVTQ,22.04,02/09/2022
01HR87CPZJ31HA643QNWZ0VJQ5,389,01HR539PR72MS205KYV27KBGBZ,841.1,08/07/2023
01HR87CPZJPA5FK27G22HKZXBT,613,01HR539PQW4YQ2RE67XQ0YM0JX,269.29,06/04/2013
01HR87CPZKKV1B062Z76JDHZ6D,204,01HR539PS9F78ZQNJSBX1RA7XA,337.74,30/01/2022
01HR87CPZK9292S3M3TKDFS34V,225,01HR539PQF746QVB1X0DAAS1C0,277.88,11/08/2011
01HR87CPZMNM22PEHXV28B2FPV,9,01HR539PPW41A3F938ASX9P94T,822.34,05/01/2018
01HR87CPZMS49CPJ014208AG9R,832,01HR539PQ22RGK1CHBRC0ENM1J,78.1,25/06/2018
01HR87CPZNBQZDFC564M06Q22T,655,01HR539PQGKB31J1WRG5QB5VBK,933.71,11/04/2023
01HR87CPZNKMH5VEQSSGEFP32Q,694,01HR539PRKBJD66PZY1R2277RY,184.71,06/07/2015
01HR87CPZP6SHHPNRHSJ3RVWT6,791,01HR539PQTYHNWQBVYQZ46M9QP,916.74,16/04/2013
01HR87CPZP3HFRGPXG3DASKTH4,442,01HR539PR89HBE4TRBDR8SKE0F,789.23,03/02/2017
01HR87CPZQE58ADG2C33AFGXG9,688,01HR539PQPPJ06XVDJAMG29JW6,952.8,19/08/2010
01HR87CPZRM09MF5AJMK96T0AP,679,01HR539PQGCZ1M9HGQF1NHPH5M,660.82,23/11/2011
01HR87CPZRGD3KT09Y84067Y4Y,248,01HR539PRERBK3FDR6CYAB9JA9,617.35,18/05/2020
01HR87CPZSJSPN4GPESRTWYC2R,938,01HR539PSAW12F6F5XQQZRJN1H,242.58,23/05/2010
01HR87CP45M23GP7CFGHSBZPSP,690,01HR539PPSQ1SDCAY9BPNFFG4F,816.16,07/04/2018
01HR87CPSVK1GQ8M86MRNVY9ZR,266,01HR539PP8GNQFPMF4J96ZWJ76,707.82,23/08/2021
01HR87CPZC0ESP7YHXA3ZC85PT,819,01HR539PPK053R75C64ZKV01S4,757.28,22/06/2016
01HR87CPZCSGX0R77B29JGE9GP,823,01HR539PR43HD7ZNTR53X62VQ3,859.47,31/10/2011
01HR87CPZDSVW13HAEBXMK52G0,198,01HR539PRGYV1EPYQB08R7AH6C,413.68,02/10/2010
01HR87CPZDP2TBYQXQ4HHFHB49,345,01HR539N8BXCSSKKBT6CGRTHX7,765.13,07/11/2018
01HR87CPZEGZ88189VT33WKWVM,497,01HR539PPS7B0JPPVV0QGK0MEQ,180.55,02/11/2011
01HR87CPZEWEN2N6PM4JB3MCG0,99,01HR539PPRCR4Q9CBYD034F9VH,119.93,13/08/2011
01HR87CPZFWZRAEV7BJT7P8WD7,892,01HR539PRHCNDVRD89J1Z23P1V,417.88,08/09/2013
01HR87CPZF453WH20G12KK131W,182,01HR539PQ1SDD0R0293R3X7DVE,837.64,21/10/2011
01HR87CPZGCGRMVY5MEV23HQ4P,456,01HR539PPFAXPHT8B5EQFRKDVC,13.84,23/12/2011
01HR87CPZHZS7QXP8J25MT8215,344,01HR539PQ0DQBXHXSH9X0GWE2R,763.29,12/09/2012
01HR87CPZJNN04T97M6RWP01CZ,398,01HR539PSQEWM5ZW1S1MQBK9YC,230.6,06/03/2022
01HR87CPZMVSVJKE3W8VXP3DAA,948,01HR539PRYN4E3SWD6622RNDX4,900.38,21/02/2021
01HR87CPZN9KSXGTXEB7RP05K0,346,01HR539PQE8QA5JQ0Z4Z08AQFW,542.96,25/03/2014
01HR87CPZPA2V4WHKNS60NPGCP,832,01HR539PPDRBCN9GRXXZ10WEMZ,302.01,29/12/2016
01HR87CPZQW94AWE1MDY16QK2X,48,01HR539PRWSNR0BYHE6JSD1YMW,826.81,27/09/2021
01HR87CPZRJF6E5FN34BWBGAEG,366,01HR539PQZZYE4BWD4FDA5DFZA,938.58,08/04/2018
01HR87CPZSM8XV3TV4MXDEF941,434,01HR539PRCE4GJHSDEJTRW0140,465.97,30/09/2011
01HR87CPZT264Q7WF2M4E8VWC9,398,01HR539PPATXT9777B2ZZ5HX1K,487.1,19/09/2023
01HR87CPZVY6WBPBADYNAW89V6,929,01HR539PPQ3GRNNDGK98SP5BWV,656.6,20/01/2011
01HR87CPZWXFSTEDNTBAY4X63P,690,01HR539PNP9E9B9BGK46Y39WRG,191.37,31/08/2012
01HR87CPZXFRDN0CEFD4982YPA,465,01HR539PQ0ZQA5V5FK7980V8X4,780.49,27/07/2018
01HR87CPZYN1FN6E1T48WGBYGZ,590,01HR539PJ5C8M922F7D23W3RDS,109.67,24/06/2023
01HR87CPZZ579MR2345A05H447,845,01HR539PQJGXW7HRV8MNJMHN06,150.94,21/02/2023
01HR87CQ00Z8GJVWEEVHV9WWP1,51,01HR539PPF90HVQTMB3WJ82S17,874.09,21/10/2013
01HR87CQ01Q8ECMGHTY45R9MT3,543,01HR539PR475GR1WBR3XYSAHMV,436.07,06/08/2019
01HR87CQ02ZS2FP07X8HKGEYFF,427,01HR539PQRWBJDXRP88ZX4ENMC,359.87,21/05/2017
01HR87CQ03ZNS72FCGRRPF05DW,381,01HR539PR6RQAQFT9GGX2JACGR,596.99,28/09/2016
01HR87CQ0497K5B5NBMTTRRA8W,222,01HR539PQ25G56RVZC4RT30514,489.06,23/10/2023
01HR87CQ06DZADP6YZ1JM1FYNQ,829,01HR539PP0EP95WDKXMBZ11QNS,93.91,25/12/2016
01HR87CP4JAVX4E7ZVQPW208ZB,936,01HR539PRTGJ1TSQXQ3WE62B4R,329.64,13/05/2021
01HR87CPV3TV08183PN6ZMSVQY,928,01HR539PPZA4XVG6W67GWGZ599,308.93,11/12/2019
01HR87CQ0K39KF7FJZF72FFP23,883,01HR539PPA7A5Z4R921C9SK9R3,548.3,18/06/2012
01HR87CQ0M7ZM9X20QDV2TYZ5P,455,01HR539PQ39SAW4HJ7FA8V2Y1W,648.17,21/12/2020
01HR87CQ0N57SQ4PKVF24ECGYC,484,01HR539PPGATX6ENAMC0GQ8JP6,694.61,11/05/2011
01HR87CQ0NAFWEY5WN3Q3J8YV2,3,01HR539PRTV65M9VWZ2116WHN5,697.16,05/10/2010
01HR87CQ0P900QW0E7G74SHVFY,585,01HR539PQT58871Y3CPB969V6M,528.56,12/06/2015
01HR87CQ0PNP4ZAS9HX1DP9NJ8,660,01HR539PRGBWBZA0FKA0VATP60,126.09,30/06/2017
01HR87CQ0Q5GTHC7RJ4ZBVM9SA,909,01HR539PQQRD664G28645EG5EV,743.98,10/05/2014
01HR87CQ0Q0ZE1DDD5DXH5MQ82,125,01HR539PS4PMMZJ6JMFN9G24VW,641.05,27/08/2015
01HR87CQ0RMKXVTJVC9BB33C60,680,01HR539PNVW2XMKPT1TGQTZA8V,666.21,13/05/2019
01HR87CQ0R63ME5FZ35NFB14W4,460,01HR539PPSQ1SDCAY9BPNFFG4F,758.08,03/09/2017
01HR87CQ0SEAAX3VKV545NEKR4,153,01HR539MZZF3SYJPTXJ2JZ5P4Y,631.83,05/03/2020
01HR87CQ0TGE83SFPFQVDDF20M,391,01HR539PPH5M28RMP7CFPFXP3M,854.29,15/09/2010
01HR87CQ0TNZM2AZVKVMFXPXN6,21,01HR539PNRRSXK0AR277X9JNKM,949.55,07/02/2015
01HR87CQ0VGQ8RDBN45TQ853T5,947,01HR539PQYWYEZ1Q3TWMY3917M,906.75,19/04/2014
01HR87CQ0V2P9T4YW8E5SF3D8T,458,01HR539PRVG60KV3TDCH4PR23A,378.81,31/03/2020
01HR87CQ0WFNG30QBBNWYBAPYD,869,01HR539PSARZS2M2AZR7A8EMF1,213.56,13/01/2015
01HR87CQ0X9G0JMT9EYJ927NZX,787,01HR539PQNPD1VJ1J3VWXD7YN6,129.92,22/05/2015
01HR87CQ0XPCVHRSTSEPC6CRGH,538,01HR539PNST62PJKG7A0JAQJQG,562.27,17/09/2011
01HR87CQ0YAJHPNCWN5XW6XP3M,708,01HR539PRFNH9C0XC1091EF0EB,763.37,29/10/2017
01HR87CQ0YEDG6M3C0T2856SD5,846,01HR539PQW4YQ2RE67XQ0YM0JX,313.04,06/12/2011
01HR87CQ0Z1NAA7A4KJNWVJ746,213,01HR539PPXBEGNX0J89X5JABD4,598.37,18/06/2010
01HR87CQ0ZA3Y2HEQN620YT5F1,930,01HR539PRW24TTDE16DKFF788K,71.04,06/10/2015
01HR87CQ10ZRJ2NJGNGNJMMRWS,624,01HR539PPPH04563WP2BAZWN53,717.61,15/12/2015
01HR87CQ12HG075M6ESKQ3HG7W,235,01HR539PQ7KCJSHGJXRJ7AHHC9,332.54,25/02/2020
01HR87CQ13J4CWSZNYEZMVZZ4B,837,01HR539PNXCX9H7PQEH9F58VNT,114.32,01/09/2013
01HR87CQ14EW81MEXXSX0GR936,780,01HR539PQB4PTKZN2MVA8GDMMR,455.85,18/10/2022
01HR87CQ15WBBVGTT03JHX43HE,174,01HR539PQKEW0JDS8EQ1XDJ3CP,230.44,25/08/2022
01HR87CQ1773YQPZHD8BB2P7FB,551,01HR539PNX6K789M2N75X273SN,494.13,20/03/2010
01HR87CQ188S67QVFE09085QGF,304,01HR539PQK99SHQQW96395E917,794.34,15/04/2014
01HR87CP4XM6FSJ738RGP725W5,498,01HR539PQDMJQE75YPRAM6872R,741.64,26/07/2014
01HR87CPTRY399CHWVANSWGPVR,109,01HR539PP40WQZTHGGBQDVC07N,419.96,17/03/2013
01HR87CQ08XKR6YT9DE20A3S2A,415,01HR539PQF746QVB1X0DAAS1C0,803.95,02/12/2020
01HR87CQ094FPA6Q942QY9V4B8,391,01HR539PRWGWCS4SAHRJX6GKWG,896.89,01/07/2021
01HR87CQ0952GW7MP20G0HWR94,428,01HR539PQ53KE7EPWCR4RW8RS2,369.09,24/06/2016
01HR87CQ0A6YZ6JA5JQ579KJTJ,754,01HR539PPACJ2X9D1PD5QEQZP1,607.36,25/03/2023
01HR87CQ0AFPTD5M0NS2MP4KMA,662,01HR539PRE943ZZZSZHB07F172,78.85,23/05/2013
01HR87CQ0BAFMYF0VWVXP4KVMX,298,01HR539PP51R9XFF4KT9EZQKQ6,719.59,16/02/2022
01HR87CQ0B8E5XVMWD6WT9A8RC,87,01HR539PQX21751B7786AC3S2J,463.49,10/06/2023
01HR87CQ0CHBHF8DRA93W6V8FW,81,01HR539PS5AQN5RSPAQC1QYTB2,456.49,03/10/2021
01HR87CQ0CZYY2KR146B5M3AEZ,335,01HR539PQB0HEP2DPT76K7X7XE,565.99,03/04/2012
01HR87CQ0DR4C1D0X731H6QWC5,886,01HR539PQTE50P43TGYFK4C2YA,212.53,05/02/2022
01HR87CQ0D02HKJDQ891YTSB2P,654,01HR539PRTZYECAH1MKXYRJ0PW,24.59,14/02/2023
01HR87CQ0ED7GWQ4WAC9KA3RW8,547,01HR539PS5DZ3578Y3VNCV9HZE,431.16,03/09/2012
01HR87CQ0EA4J5KF59YTVDYV8N,1,01HR539PQCMW6S1MJHR9WCBXZM,254.72,15/06/2022
01HR87CQ0E9332JN548NSAD9B8,386,01HR539PPKMP3CN0SN10RFD37C,938.15,31/05/2017
01HR87CQ0FVYHTY0Y16E4818VG,909,01HR539PR6C3SGJPZ0D9A9SXGZ,66.29,30/03/2013
01HR87CQ0FD6A0EXSE26KSCNEB,134,01HR539PQDA5AWVH101BSDAPSM,431.66,10/01/2024
01HR87CQ0G7Z2MWW6A0A0KQ6DA,405,01HR539PP52NFGVGV4PE2H6ME9,462.32,14/01/2015
01HR87CQ0GP6KG2G37CFED7Y3P,166,01HR539PPPM0ZH8ES2FP2JJ6HD,423.34,15/02/2022
01HR87CQ0H0RBJ57VZEADNJYJD,395,01HR539PPXJAD4292QEJ4HSPT6,303.15,31/08/2021
01HR87CQ0HQ8NX3AKFCV7H93VT,289,01HR539PQVJEH5AXHR29X2NHTA,633.64,12/08/2023
01HR87CQ0JMCKRB7NR92WQP882,364,01HR539PR093RYSZWRP1GJYH6S,584.02,07/02/2021
01HR87CQ0JSJWPCF21B58ADNBN,817,01HR539PQCJZJX7PGWNS3ACTD0,472.45,14/04/2020
01HR87CQ0KSK3P8EARBPTGEMQM,197,01HR539PRCY6P0BX93PN1804MW,409.47,14/02/2019
01HR87CQ0KTRS2Z6RSTMHAZ53S,309,01HR539PQ674BYAWW9S4BCBEW6,529.05,28/03/2020
01HR87CQ0MDWBKDDMGNJZ96S0B,266,01HR539PQ7N41VJNJ3FKM3T7X3,197.78,02/07/2021
01HR87CQ0MAJ6WJY2NA2AD30RB,431,01HR539PS4RWB5X6HW9FQEFY9P,998.32,16/06/2017
01HR87CQ0NXXYS9KTFVYMCDTK5,258,01HR539PRYF839G3AGY22TPFDF,301.3,10/02/2021
01HR87CQ0NS1F6SFCR41FDKMW1,826,01HR539PQ9EHATPTKE85JJDCVV,83.66,21/11/2010
01HR87CQ330C7PTRGTA2XSHG3Z,143,01HR539PP3V0MQ0EWYTXPST2JW,990.08,18/06/2022
01HR87CP4SST105JS5F7ER3F95,813,01HR539N4573HGKJEKJENW74P3,766.94,05/09/2011
01HR87CPTEYAGX0A2M4ADFM39D,385,01HR539PS960TN2PR0NEG2CBKS,346.69,08/10/2015
01HR87CPZYC78ACZCBRMQHZTCQ,498,01HR539PQ7ND8JBY0756WGDT7A,271.61,11/09/2015
01HR87CPZYJ3S86FSJ04FFNVQ0,465,01HR539PR9MSKVYHR7P4WS210G,130.54,20/08/2015
01HR87CPZZ9ZA6CV7CFD33CV66,372,01HR539PQV7HJQHFZVCZK37Y10,178.04,15/08/2020
01HR87CPZZQF6D99P4RR71KB44,643,01HR539PR87QE8TKES568F6136,34.85,14/04/2014
01HR87CQ00MGNJ7VHBZMRKH2BH,59,01HR539PPKDCTDPKYJ7C3HZNHD,919.17,05/07/2013
01HR87CQ00GJM1WG8MQSEPF78E,607,01HR539PRGP9BS0HQGZQ0GF1DV,252.85,09/10/2021
01HR87CQ01HSW8PFDPVWSMW8F2,422,01HR539PQBPVKSVAX8FSPXMYHV,354.01,30/08/2011
01HR87CQ01M6FA05K8YM7Y30MM,38,01HR539N0XAKZ0ZH0WM9CFHX65,470.61,16/06/2021
01HR87CQ02ANZ7JKNXQP4BYA71,748,01HR539PQ674BYAWW9S4BCBEW6,366.5,17/11/2010
01HR87CQ022HXD8MP4NXYQBBGY,55,01HR539PPBG53ZPYJ180EDZXAF,183.44,03/03/2020
01HR87CQ03CC67HSSGATTM35G5,29,01HR539PQ1WQC021NZYS1PHKQ5,683.13,04/10/2014
01HR87CQ036Y3DVMHAKSHFNJQ3,621,01HR539PRXRFNRTXSEJYXZVWF0,574.6,17/02/2012
01HR87CQ03YG8SQVED5EHHN3T3,674,01HR539PQNAZY2JQ0VY33VHBJE,138.81,30/04/2012
01HR87CQ04EBE4S91B5ZHW0YF6,714,01HR539PQCM861BM73T3JDTW2B,498.06,18/04/2021
01HR87CQ04S1S9HP5571WZAC6Q,868,01HR539PRB1V4BEMRBHWAKENYQ,22.79,13/07/2011
01HR87CQ05VCST4JACWSWW8DBG,821,01HR539PRTGJ1TSQXQ3WE62B4R,738.91,09/02/2019
01HR87CQ0568QJBV6BR1W77PHY,592,01HR539PPVMZYJZMZS8YHV3JYK,131.42,18/05/2021
01HR87CQ062PG5XCX7GY6Y6W8R,395,01HR539PS5C1EAVCD1TC6P0TW7,480.62,28/07/2012
01HR87CQ063C8KHQRVP3BW2F62,87,01HR539PPMH7YQECXFE401VR6N,118.07,19/05/2020
01HR87CQ07W71EJAJSJZJ40MBD,264,01HR539PR8QSFN65G2Y0P566YQ,125.57,22/12/2013
01HR87CQ07Y0W5WY1RWHJVK49X,31,01HR539PR0PBMQN7KG3W311HWD,226.18,22/02/2023
01HR87CQ08J8RR6PG2YP5WTGDN,440,01HR539N463YD770DVAPVBTSWC,352.98,07/08/2011
01HR87CQ08R61QYPWG4B2TXZW9,135,01HR539PRNN20FT925F61GKGZR,340.81,01/05/2017
01HR87CQ09N7P6XV2FRSHB1MWQ,501,01HR539PRX33M9XW8H1CSRK18R,876.02,16/12/2020
01HR87CQ09MKQZ8E5D18583HCN,143,01HR539PSCJWW9G1PMVAVVNW1F,670.51,26/07/2016
01HR87CQ0ASPBN8JHTDTMAK2KR,172,01HR539PPH7WF9VK97WBG77KWY,480.69,27/06/2014
01HR87CQ0A560YSY8SWHYR4RVW,278,01HR539PRYN4E3SWD6622RNDX4,412.87,18/03/2012
01HR87CQ0AG3ZA5896SQQWJK9N,949,01HR539PP8M7D3CV45C8XX63Z6,127.55,19/07/2014
01HR87CQ0BMFCR059NNGTGJD9D,355,01HR539PPN48GH7K4EV80X4WCK,863.33,21/05/2022
01HR87CP5EDZF2FWDE1X2AWYWJ,599,01HR539PP61Q4F5JN36MQMS884,60.33,04/10/2016
01HR87CPV618T9PVM5TA0ZFQ47,463,01HR539PQMH1273GW17E6KSQ2X,608.86,29/07/2014
01HR87CQ0PYK5KAV253GM5Y862,428,01HR539PP61BC5PA6XC04M4ZVW,259.21,17/10/2014
01HR87CQ0RJGTPMJ46TD9EV8NS,376,01HR539PQ0WZ61JT3WD2AD4BS6,400.47,08/06/2020
01HR87CQ0S4RMVEY4R64YGF64P,628,01HR539PQ7HJMA9HEB3XYEFWNJ,506.08,07/07/2019
01HR87CQ0TVPBX8P4BNC2WGXHA,173,01HR539PPGVQ1JWBQJ1S8FW0V6,406.25,06/01/2021
01HR87CQ0V9ZJQJ4S47HNJE78A,343,01HR539PR0G9X09HP541NDSFJA,644.73,12/09/2013
01HR87CQ0WJKS4XSWHYJRWHZBP,70,01HR539PQX1NW00M1QSTSMTGR8,574.9,16/06/2013
01HR87CQ0X321ZD9JE1FNA4T3R,321,01HR539PQ7WAWE2NJYATCGHPJZ,866.14,28/01/2014
01HR87CQ0YXZFEYMBER6RHGHA5,222,01HR539PG3VCDJBWNVXHB9GHS3,616.31,04/11/2011
01HR87CQ0Z0WPMD17KR70Z3QYY,285,01HR539PPV36CZKFE5NS58MG11,809.68,23/11/2014
01HR87CQ10CZNXZK1TTBC9EHD4,546,01HR539PQVJEH5AXHR29X2NHTA,283.23,07/02/2012
01HR87CQ118EWW8F7EWYGN0Z0R,58,01HR539PR4CCA5N6T9705J6ZGF,761.06,03/06/2022
01HR87CQ13AFQ3TA0BYB2W0XTN,946,01HR539PRD85MVZXV4M5SHX190,44.33,21/01/2022
01HR87CQ14P5M8DM0XVZXRN9DG,28,01HR539PPNWYJ1XB38FHW5Q815,557.13,01/03/2024
01HR87CQ15Y3XXGEZ8ED2XQ3M8,746,01HR539PRC999H3DBXEAZWPXEK,736.82,30/09/2023
01HR87CQ16QY9JWYF2SB6ZGE4W,840,01HR539PQXF972JZAY01NK5AGB,286.35,05/12/2019
01HR87CQ17KEPBAVW16MZ6VAY2,813,01HR539PQH3EWPYAY0JTX09SPD,442.7,09/08/2020
01HR87CQ186MFJFW7YPP5DMQKF,394,01HR539PP3V0MQ0EWYTXPST2JW,70.63,12/05/2016
01HR87CQ197BR1GEBACZF6NJRS,804,01HR539PPFAXPHT8B5EQFRKDVC,93.67,15/03/2014
01HR87CQ1AQJ70DAV35EGG21ZT,913,01HR539PPM79M67DD2N1VH30F5,83.31,26/06/2013
01HR87CQ1B97TW329BRMN8VBYD,136,01HR539PRWJ00N2BN3J3K8WKKF,11.96,21/04/2021
01HR87CQ1C2KX30ZGQN73F9SFB,166,01HR539PPXJAD4292QEJ4HSPT6,818.48,05/04/2011
01HR87CQ1E5VRVFG6TDE2B8JJN,555,01HR539PP26DEASNX54SDNJ5BH,512.84,06/02/2015
01HR87CQ1FK8HXY8T3RV2TZGKK,942,01HR539PRFRKQNA73K4C9885NG,329.06,13/01/2024
01HR87CQ1GKK3DN8ZW4VZKV3PR,530,01HR539PP844NJGNZPKD2A6GEK,962.0,26/04/2022
01HR87CQ1HXCERW22P2Z7J2DJW,890,01HR539PQ0751QSB1QSADD59EW,548.55,05/11/2018
01HR87CQ1J6Y4MMKPAN7AHHS5D,546,01HR539PQCZM0CDYPA519A27VC,784.17,01/08/2020
01HR87CQ1KXNQJ1QYFFPHX65BA,101,01HR539PPM3ETRST138GAJ8W6N,485.0,29/01/2019
01HR87CQ1MXM1G9XWEHFPZ6G86,905,01HR539PPEE5NTPDMXS4W5R6JT,968.37,27/02/2014
01HR87CQ1NSQNS43YE1ND4RA8N,390,01HR539PP5GT1RJSD7C9P0V4BG,369.48,25/01/2024
01HR87CP5Q1QJR2VW1D8QJSSWR,303,01HR539PQ0751QSB1QSADD59EW,174.47,01/04/2017
01HR87CPVPJKBAMW6D57AGN7Y1,793,01HR539PQ9GEFKEGRYGV2C0ABK,690.24,26/08/2019
01HR87CQ17BVJKDNZR82NCDPTX,469,01HR539PRG0HQFXDPV0KZHWMGA,811.47,20/05/2013
01HR87CQ18EH3PF8AKQ8Z9TK83,682,01HR539PRY7QQ183WBEXXJBTM0,435.97,05/05/2012
01HR87CQ19FB5BBMY728710ETF,598,01HR539PQEX0SC7TY3BFEM2V29,632.14,26/02/2015
01HR87CQ1AKDYB19QD138R80C2,785,01HR539PSAW12F6F5XQQZRJN1H,83.54,31/12/2018
01HR87CQ1B4KHPM8VV3BY3A4B9,481,01HR539PQJY6S60ZSWD79HVP4J,205.03,14/05/2013
01HR87CQ1C6844Z8DPQVMFAYP8,122,01HR539PNSNZP3FP9ZGKW4FQZD,659.63,02/11/2017
01HR87CQ1D9V8YE9FQAVRS4WBH,342,01HR539PQDM0JBNEASH6K4XZ6X,980.92,07/06/2017
01HR87CQ1ENHRRK99HS706Z6RV,834,01HR539PNVVDGR7D9KFJPC9801,36.21,05/05/2012
01HR87CQ1FX4ZG04TF09WXR302,512,01HR539PPGHAGHQPQ038NZBWBY,78.09,16/11/2017
01HR87CQ1GGTZCVH2SMJ7XFB6S,843,01HR539PRS9DVTYMD3DMYFK72C,562.61,25/04/2016
01HR87CQ1HETAXMJEZZ87RP8GA,535,01HR539PQJEXVTDKXRDXJSCT42,197.95,22/03/2015
01HR87CQ1J0X3BG16Y1NXHBSPE,704,01HR539PQMDM4BB6YF9E3KJK22,2.05,11/07/2010
01HR87CQ1K5N0MTZKWPJ75S0BF,648,01HR539PRTV65M9VWZ2116WHN5,862.08,29/08/2022
01HR87CQ1M34C6P13MK9YBBFWH,818,01HR539PQ661525DX80CF7K6SE,420.83,12/01/2018
01HR87CQ1N956G3PPAF9D80T9B,940,01HR539PPZA4XVG6W67GWGZ599,639.68,04/07/2010
01HR87CQ1QHRVFZ8Z9MVGGCM6C,918,01HR539PS00H67Q10KM0FE2ZZ2,450.13,06/04/2016
01HR87CQ1RTBZYZ0FB6YMV5E5Q,258,01HR539PR73SXWW071MYTP6P3J,74.37,05/03/2014
01HR87CQ1S1TBE0MDFVDQB9APS,772,01HR539PQ6G8BQ0PA45DWQJCVC,292.84,09/04/2020
01HR87CQ1VKCM0QRXCBAFGY2GY,275,01HR539PQW4YQ2RE67XQ0YM0JX,926.09,19/04/2012
01HR87CQ1XY97GEK0S42H4MYVA,85,01HR539PR4CCA5N6T9705J6ZGF,252.51,01/09/2023
01HR87CQ1ZKWK8F764Q0BQDRRK,614,01HR539PS3KNZWWK7645S3H30F,609.29,01/10/2012
01HR87CQ20CVXMCNGTMFXZMH8P,864,01HR539PQCZM0CDYPA519A27VC,980.26,02/03/2019
01HR87CQ22SZW0TGV67GGAR7AN,946,01HR539PQJAWRJV97K6GMKPCHX,552.07,04/03/2010
01HR87CQ24XSCG1XFMDKE6TAJA,20,01HR539N4573HGKJEKJENW74P3,548.83,05/11/2020
01HR87CQ26W1VNRY236FCDYCKM,887,01HR539PS3JQ3N2JGYSARRXANZ,354.6,19/02/2021
01HR87CQ27JK0WPDGSN78YDPY7,899,01HR539PQRWBJDXRP88ZX4ENMC,988.28,30/06/2020
01HR87CQ29F3YKBY25XYF4CVTS,743,01HR539PQG9B0Y3CNCFK5M9FD9,363.24,04/08/2011
01HR87CQ2B9G2661MKAVZHGMN7,722,01HR539PRBGRPPCSBBZDZN0S1C,51.01,30/05/2015
01HR87CQ2C8NBANSSF8KZ765XD,110,01HR539PRWBY8SZ0EF87F9F8C9,981.06,07/12/2014
01HR87CP5HXKNV2D0Q6A1HH0ZB,225,01HR539PQDE4Q9RMKCMWZ2P9KJ,285.42,17/10/2013
01HR87CPVN4W3XDXEQ5FM5QH7N,314,01HR539PP8SE0R2B26CSWV7VF4,946.78,03/12/2010
01HR87CQ15JZAPD7WDDYTX629P,741,01HR539PQPQPJ2J88N8CDACVF7,748.3,16/09/2013
01HR87CQ169554PE06CZF7FNZT,135,01HR539N4Y2078H2MMR77A6WRN,830.63,19/09/2018
01HR87CQ173K16K8K2M12V473X,589,01HR539PPH6PQZC4HYM9YFWNVG,203.95,05/04/2019
01HR87CQ17TJS8HJ6GVDXA8B4Z,206,01HR539N463YD770DVAPVBTSWC,979.87,03/03/2011
01HR87CQ18FG6YQECD3P9774EC,899,01HR539PNWQ00XNYFP5H222EP5,353.11,18/01/2011
01HR87CQ195XGT97KEKG475XVF,378,01HR539PRM67WMR64HRTRG5H1B,678.65,07/07/2011
01HR87CQ1AZBPHZXWFNKRW389Q,841,01HR539PQS1W34TE3XSHQFBTD8,521.23,26/04/2023
01HR87CQ1BHYW7QTV84W07MWZ0,331,01HR539PNY9D321ETWKZWVCT27,687.1,26/01/2015
01HR87CQ1C3BEJGV08C8X92JQF,93,01HR539PQ3CW5C0EVCAWYQMR48,973.54,03/07/2010
01HR87CQ1DNZ5Q694NQNVSPD1X,600,01HR539PS17KQM4X8H62DY9T17,130.35,15/07/2019
01HR87CQ1EJ5S0299S2NDHTZKY,792,01HR539PPM8HZB64MWR51D3JJN,645.84,04/07/2023
01HR87CQ1FD4H5S6FTJFK08ATT,481,01HR539PRA59ZY91ZRCGAPV1F4,192.94,05/08/2013
01HR87CQ1GESV3GYSW8H1EH66H,498,01HR539PS128FYBG43B90KDJ1R,572.95,10/11/2016
01HR87CQ1HF3GFESNYH93CZNPY,24,01HR539PPDTM9NE5EXJ79TNE9T,929.76,07/12/2021
01HR87CQ1KTQKSK9K6A05JTF6A,559,01HR539PR59DXEH138WH4TSC0Q,664.89,02/09/2017
01HR87CQ1MRC65ZNPGTPFD7JJB,135,01HR539PQNK2NYN0CBYDZSNTBV,389.94,09/03/2012
01HR87CQ1NN6CHFCGRZE9S49CS,755,01HR539PREPZ88HK48CNTKC9RP,991.02,27/04/2014
01HR87CQ1P8257KNZ8EBF49QMV,803,01HR539PR5PH69EVNQ1Y6FV487,371.94,22/04/2022
01HR87CQ1QSQN1XP1B3HNY6CM5,36,01HR539PREX6M2ZD7VHG8APRZC,269.41,04/01/2022
01HR87CQ1R98WABV4KATWJKE6W,663,01HR539PQCMW6S1MJHR9WCBXZM,98.24,18/03/2016
01HR87CQ1SV7K4B09VEAFGBKK6,377,01HR539PR9RMGMYYHT4FGTYVWC,261.5,12/12/2020
01HR87CQ1TCKADMRTZCX5S1R8J,898,01HR539PPHM256CWXR586PGF93,903.13,31/05/2020
01HR87CQ1VGSVKXJ60FS1ARNH0,599,01HR539PR3XHC1PYCZE35GPEAW,932.88,31/03/2023
01HR87CQ1W3J65FC7N66BTVRXP,181,01HR539PS4PMMZJ6JMFN9G24VW,567.39,04/01/2022
01HR87CQ1XMSXYYRPMZ5TCV1NZ,415,01HR539PR4CCA5N6T9705J6ZGF,44.01,24/12/2012
01HR87CQ1ZP1H7E9ZC0A0ZXJMG,102,01HR539PQ48WZZXTAB47ZJ73BA,11.97,08/05/2015
01HR87CQ20Y0CEXPZRV2DQANG8,235,01HR539PS6ZBJTX81JQDKP76K4,309.83,12/01/2019
01HR87CQ21BEAVF67R4NJ06NSM,566,01HR539PP96HZ4DV9QBH1H8CMZ,67.04,19/02/2015
01HR87CQ22M1BSY1CE766PJX4V,219,01HR539PQDWAM3D0FVMAEMWMMM,323.33,15/10/2017
01HR87CP5Y68NKVT6EHWB90Y7M,448,01HR539PQQKQYPE9XJYPSGWZWV,8.02,27/12/2010
01HR87CPVY7W8Z3CZJBEK26CQZ,168,01HR539PS4RWB5X6HW9FQEFY9P,165.78,13/11/2020
01HR87CQ1FNKGS64THFD5G897V,70,01HR539N58E6VPPCGBM8K0TRXX,725.64,20/02/2015
01HR87CQ1G5XZ2R3484R9KW4NR,820,01HR539PQZ5WTBVKCVYFMM87SQ,644.58,28/03/2011
01HR87CQ1HF0660D7C3ZRMH3E6,515,01HR539PPYYGR122Y0D2AK78K7,573.44,09/03/2013
01HR87CQ1J4J43GT55WSFM75BX,36,01HR539PQKQBM0RMNE6KQBK6QW,424.71,03/07/2020
01HR87CQ1K4KT40F0Z034YC0QZ,240,01HR539PS8TS4CE3D66ASXG1Z5,979.53,18/05/2014
01HR87CQ1MQANG966BT7T64204,337,01HR539PRD5229DVG86K44WAA6,250.58,16/01/2011
01HR87CQ1N3SW6NK3B1PW97MR0,492,01HR539PPVHPCXT9ME794VBEEB,879.76,08/04/2014
01HR87CQ1PEQMM9C32QK5N315A,903,01HR539PRY3KAW73FQYQMPYQ3K,959.66,12/09/2016
01HR87CQ1QHVPBQATJ6HWCPJV6,524,01HR539PPB8HN16MV633PJ1A1R,124.17,16/09/2010
01HR87CQ1R4YZXS9805FNEE0SN,792,01HR539PQDSAFE199RHCX1J9EX,150.45,25/02/2018
01HR87CQ1STR65JT2SAC8ZWF64,296,01HR539PRWCA2C8Z0ZDJCT08BQ,649.25,15/12/2010
01HR87CQ1T40BBRVD2ZCSQ01RB,871,01HR539PQT58871Y3CPB969V6M,605.74,01/02/2018
01HR87CQ1VQY31JBX1AM847PRR,627,01HR539PQAW08GZN2GRKBNHH0P,780.22,20/09/2022
01HR87CQ1WSCMR0HWH5CKJPJV8,897,01HR539PR72MS205KYV27KBGBZ,273.78,03/12/2020
01HR87CQ1XYXBYKTX9PMXT8QFM,489,01HR539PQH3EWPYAY0JTX09SPD,483.63,09/10/2015
01HR87CQ1YKD02AZ5A1260VC8V,573,01HR539PR9DPE9MAFP88WRHSEZ,656.79,18/06/2013
01HR87CQ1ZXK2ZE2ZP8PZ50QVC,612,01HR539PNS47SWB80M1GWMCBPB,958.43,27/03/2017
01HR87CQ209B3A8HDHAQDQ3GRY,128,01HR539PR2YFRBFMWZFG7FDJE0,268.48,01/01/2017
01HR87CQ21HBJX3MFD168A5Q1C,31,01HR539PGGP51MGJGTBS1RWEMW,742.09,16/07/2022
01HR87CQ22PSC7394HC3E3YR2Q,211,01HR539PQRWBJDXRP88ZX4ENMC,229.85,06/12/2017
01HR87CQ23P7YV9DMPA9CMK32P,345,01HR539PQEKEAZQYEF7ZKF8JTA,772.48,14/01/2011
01HR87CQ24WH24ESVAGHXYG7GF,484,01HR539PRD85MVZXV4M5SHX190,606.8,03/02/2017
01HR87CQ252492NSV5GWMS5HJT,922,01HR539PS4TPQY2DB5X86FJCYQ,275.39,13/04/2014
01HR87CQ26QPCQ6R0RDE4T6AFY,307,01HR539PP6MVTM47B8Y1ZXG3WK,891.66,09/06/2011
01HR87CQ277T9HF5YRE63MSXZE,279,01HR539PRR3AG18AR4HAHYKWN1,50.66,24/04/2020
01HR87CQ28EFE7P78GBXSSVWGM,949,01HR539PPH7RB179EDFY6RVEQ9,532.87,22/11/2014
01HR87CQ299CKEAH7BWJ9EZ2G8,389,01HR539PP8GNQFPMF4J96ZWJ76,459.89,16/09/2011
01HR87CQ2ADC6JM8BYG2DY622P,316,01HR539PPYMX20FQ6C5W7YA8T1,26.91,16/03/2015
01HR87CQ2BAZFM2YZBCNYW6KAN,235,01HR539PR1H5RZDJD4HD6688RS,747.29,16/03/2020
01HR87CP66KB5HMT3MC7WAG7FS,174,01HR539PR511FMNSXPWF4QPXGB,589.27,15/06/2022
01HR87CPWCJTAEYA3HVAWK5YTD,467,01HR539PS2R3ANW93H2EYA17BD,773.51,23/05/2019
01HR87CQ1W4NNHKREPHXZ72H2S,569,01HR539PQJ7Z64176MA4PVR8TY,409.71,26/07/2021
01HR87CQ1XSXVTHCRZQX0CZ41A,141,01HR539PPM8HZB64MWR51D3JJN,182.55,20/04/2014
01HR87CQ1YEXHHEB6KQHY6PERJ,127,01HR539PP1V0Z4BR7K9QBS4VFT,973.8,30/10/2018
01HR87CQ2081ED6J51HDNZK456,241,01HR539PPFGFN3DG1CDRMQBPBD,197.38,29/10/2014
01HR87CQ21NHRDXX4FQ2ESAK56,296,01HR539PQ5BFTT3VDAWBSQ0D8W,543.35,20/07/2023
01HR87CQ2269BEMC8KMVYM2V2D,845,01HR539PPA7A5Z4R921C9SK9R3,257.25,26/04/2012
01HR87CQ237MNQJ96SBZ2MMC83,18,01HR539N18X7WSQ7R40CFVJ90Y,180.93,13/09/2014
01HR87CQ2475XTE6YSZ46VRJW3,727,01HR539PPAPXKTC0MJAVX1P0XV,323.75,19/07/2018
01HR87CQ2648GSAF95Z5FJ54E2,199,01HR539PPDJVJX0YH6FA3VEHNZ,274.37,15/02/2012
01HR87CQ28CFVKPZKETCYY68R0,600,01HR539PRKXANVRY92TZPT4Y85,129.77,18/09/2017
01HR87CQ29JY426K4CYT2SFTN7,638,01HR539PPDRBCN9GRXXZ10WEMZ,684.14,16/01/2024
01HR87CQ2AMJY97NFVFWH5NJ7T,946,01HR539PP52NFGVGV4PE2H6ME9,165.65,30/12/2021
01HR87CQ2BF0NA1SKGMSK6G4JW,583,01HR539PQSD6X4A811YEHYVV0T,473.02,14/07/2011
01HR87CQ2CEB0T33KS5R9B32YW,205,01HR539PRW2XK1EQ9WJFA7Q93T,382.93,17/04/2012
01HR87CQ2DZ0MGXNN587SWVH4C,127,01HR539PQ0E4D2C1C8XE0TYPMC,951.48,30/08/2011
01HR87CQ2EK9XVA507P2VQE03R,663,01HR539PRQF95N00GF3ZJJSC0G,784.28,20/09/2022
01HR87CQ2F9D936SNF229XDB4N,538,01HR539PRM67WMR64HRTRG5H1B,896.62,14/07/2014
01HR87CQ2GVHBZVREM4T4VY1RJ,100,01HR539PRAJWWH83HBS6T2H1XV,499.26,26/05/2014
01HR87CQ2JPVZK6T11X4AQD87J,798,01HR539PQWSSAEC8CR111SKHXX,384.06,15/11/2010
01HR87CQ2KQJHRHRNNH7TF8ZJV,238,01HR539PQP24YBPBNKRM8DXERF,544.04,23/09/2019
01HR87CQ2M62Z5T9KXC49SWH5M,182,01HR539PQKEW0JDS8EQ1XDJ3CP,184.78,06/08/2015
01HR87CQ2NWA862981CYKHN2NY,121,01HR539PQJXWHZ4EKR6HMH4XCF,287.39,16/12/2014
01HR87CQ2PFG3DT0K609KQVT8Z,309,01HR539PRB3M6ZHWSNQFQ9M0QX,63.52,18/04/2022
01HR87CQ2QGCP8KXVFFJTYMFRD,675,01HR539PPZKNBAJ15DPSMBNXXR,101.48,20/03/2010
01HR87CQ2RV9KY27CZ4ET8KR2B,38,01HR539PPVWAP2T8JTSEP4TT4H,815.33,01/01/2022
01HR87CQ2SJZ3T9ESGTBS8MVA7,681,01HR539PQFA8AP5S75Q9KRR1S0,859.54,25/06/2016
01HR87CQ2VAF98387ZQJPGXX7Q,78,01HR539PPXF5XTM1TW94DHMJGG,324.18,15/06/2022
01HR87CQ2WXS6BYJ4ZY3FCSG73,323,01HR539PP40WQZTHGGBQDVC07N,876.08,12/05/2022
01HR87CQ2XS0H0CKYXKK8MQD6W,285,01HR539PQS1W34TE3XSHQFBTD8,247.5,21/10/2021
01HR87CP6JDADGAS8B5YCFYRJF,741,01HR539PRHJQXRA5A3DKXTYR1N,980.78,04/09/2017
01HR87CPW4HKNQ7MA2FCNT4P0M,752,01HR539PQKQBM0RMNE6KQBK6QW,235.09,14/08/2019
01HR87CQ1MSEXXNX6MK83E65A0,813,01HR539PPTZTACZTDBRZJMG1GT,247.43,06/11/2016
01HR87CQ1NZCZ4FKC972MME3CN,696,01HR539PPNGNTSS22VJKTT2V6F,352.11,22/03/2014
01HR87CQ1P5B85FA4WYYTWVN92,429,01HR539PRD5229DVG86K44WAA6,562.57,18/03/2017
01HR87CQ1RSVNHEB8YTEJXAH37,556,01HR539PPSVE1TCXPC3QX9PDTE,970.31,29/10/2012
01HR87CQ1SW0VE31V1BZXDV8HA,730,01HR539PQMDM4BB6YF9E3KJK22,321.51,12/02/2020
01HR87CQ1TN744FZRYFRCYFB12,135,01HR539PR7EGZTZRRTDC2DESAD,642.67,24/03/2015
01HR87CQ1VT4BT8B0SDHEV3SK7,625,01HR539PRBQ64YRC5EPTNV1BZK,720.63,01/09/2022
01HR87CQ1XQ8KSQG5SEBMGM4MX,410,01HR539PRN5FWKKC07MYFKY13V,933.89,03/10/2018
01HR87CQ1YWSHX0WRKWDSD9PAC,281,01HR539PQXBRMQZF3KHKB6AH2K,519.53,11/03/2019
01HR87CQ23DRKGW3R3CES3M29F,658,01HR539PRCY6P0BX93PN1804MW,27.92,19/11/2013
01HR87CQ24HMFA4RTF622ZC81G,592,01HR539PQX1NW00M1QSTSMTGR8,580.82,11/08/2015
01HR87CQ255RADNDAVK2YEGXX3,676,01HR539PPNDW0T7W2V0V1K14E7,275.74,22/08/2015
01HR87CQ27ZWVW3NYF69AJWBF3,942,01HR539PPMQXT5XEC7YWV75KR2,280.21,02/11/2019
01HR87CQ28VFNXFB12RGCRZ4E6,713,01HR539PRJTTP6FFK3R0BMAXP2,929.31,16/03/2016
01HR87CQ296RRMQDGR9ZVJXGDK,225,01HR539PRS9DVTYMD3DMYFK72C,969.15,01/11/2022
01HR87CQ2A4FB1DJYX3CYS5TKS,222,01HR539PR75FY669M8CS2FSJCK,36.54,07/09/2022
01HR87CQ2BN8550DTBASC52JTW,721,01HR539PQ55RZEB70DMV34QPSB,398.61,06/12/2012
01HR87CQ2BMS2F0STDVB9W3J5J,236,01HR539PQ7KCJSHGJXRJ7AHHC9,351.54,06/07/2023
01HR87CQ2C8GKR3ZMWV94BB0M4,888,01HR539PQE2KWY31F95KWV1NYZ,249.87,11/03/2022
01HR87CQ2DKGP27PTKE2396TNZ,161,01HR539PRCE4GJHSDEJTRW0140,67.15,01/03/2014
01HR87CQ2DBB4YR296S97WWGNJ,456,01HR539PQZZYE4BWD4FDA5DFZA,134.25,03/06/2021
01HR87CQ2E3BTKWBBR1269ZYQC,936,01HR539PRCXGHR2CJZ75J0HAFH,104.72,16/06/2020
01HR87CQ2E98TA1W6W63WVVF1P,47,01HR539PG679FZSM259DEVVBGT,464.51,26/05/2010
01HR87CQ2FPBT04PNKKXQ9ZRD7,673,01HR539PQ6DTT4GT3PYJ9YS4W4,661.25,31/03/2018
01HR87CQ2FAQSDQSEQFS5ZXD5E,77,01HR539PQSNMN2R9FYXJTX23AN,986.89,18/11/2013
01HR87CQ2GTK6E2WAR7J08CN4R,871,01HR539PRR5QPBNAMPEE2YBFC2,351.55,29/10/2022
01HR87CQ2H78CWFACVRESV952M,201,01HR539PPYQGD1MDCV64CYY86E,265.16,21/08/2019
01HR87CQ2J1QFDBNKJDJJS6ENQ,910,01HR539PRG0HQFXDPV0KZHWMGA,521.92,12/02/2011
01HR87CQ2MRZMK615XK8KXFV43,677,01HR539PQJGXW7HRV8MNJMHN06,173.65,30/12/2016
01HR87CP6Y40VF9DJK55BAPTBS,518,01HR539PQ0DQBXHXSH9X0GWE2R,30.44,30/04/2013
01HR87CPWX0SANED828DG21744,327,01HR539PR17PST2DV6FRK19A6G,396.63,21/04/2021
01HR87CQ2DNSP88C41HMDB03TQ,209,01HR539PPH1024F3SXWSKA3P46,322.29,06/02/2017
01HR87CQ2D6N64A5959MX6XQ57,267,01HR539PPZW4TD5HCJ7H2TFMEM,37.77,22/06/2014
01HR87CQ2E6Z4KA66R68C1RW7V,449,01HR539PS960TN2PR0NEG2CBKS,76.95,25/11/2013
01HR87CQ2EB57X5WWHE9SVSR8K,256,01HR539PP9G9BME8NZ0C7AKJ9F,307.81,25/08/2020
01HR87CQ2FQ4F761SNZJFX8W9Z,638,01HR539PQDM0JBNEASH6K4XZ6X,117.3,23/09/2013
01HR87CQ2GHCDXR57QY3B10948,648,01HR539PR8SQG21QA91722NW6V,292.03,21/11/2015
01HR87CQ2GYN10WK80DJFTBNR0,615,01HR539PQD9VJK915N560QPNSK,146.67,18/02/2023
01HR87CQ2HXAN2BFRF78RDBD5Y,71,01HR539PQ04J4B6Z5B7J0GX1N1,885.11,10/03/2012
01HR87CQ2HWFJ0N7QW95XH56FF,512,01HR539PJ8Z19BJ6JWRA6EF7FT,99.38,11/09/2015
01HR87CQ2JDRFY21XJ25B2WP3R,825,01HR539PQQDXJKZAAH3QQ1SGR6,753.33,05/08/2021
01HR87CQ2JV728XRBNNM42B4H5,434,01HR539PQ0WZ61JT3WD2AD4BS6,355.19,13/09/2017
01HR87CQ2KMAZAC7Y8ZTYC726F,364,01HR539PR61TSAFMCHBPHKM9BY,244.23,04/09/2020
01HR87CQ2K623KPGZZ6X55H2TS,905,01HR539PQRWDVF4AWQR2X7EM0Y,885.92,04/04/2022
01HR87CQ2MYBK0C5TNQSECMA3X,280,01HR539PPXBEGNX0J89X5JABD4,432.38,03/10/2019
01HR87CQ2MPA0JVE49F77XDSEY,852,01HR539PPXQJ4NCNC3VF3V075Y,777.06,18/12/2016
01HR87CQ2N74EWVAN22M5MP9Z5,314,01HR539PS38BGA46RF4QV2Y58Z,177.95,05/01/2014
01HR87CQ2NVJ23B49HJFS3C9T2,730,01HR539PRQT3BJZX275AZZMBV7,758.42,20/06/2021
01HR87CQ2P7GWE5XVK88AXZDQB,155,01HR539PP8Y44V39EEV1ZKK6J6,30.51,18/04/2022
01HR87CQ2PB81EAMWT1TYXCBN2,301,01HR539PQ162NDZE1ZETK5BB6S,148.72,27/01/2019
01HR87CQ2QW900QJQ74RTSRMNQ,100,01HR539PPPH04563WP2BAZWN53,11.53,18/09/2015
01HR87CQ2Q5JTKN9WAZCN8GSTF,160,01HR539PPDPD06GHTVFM4MHWM1,381.38,13/06/2021
01HR87CQ2R9NW5PCMS33SXBTCP,153,01HR539PQP1ETT4KM1E0V14N61,685.73,02/11/2016
01HR87CQ2RTSDP9H49CW83J97K,300,01HR539PQRWBJDXRP88ZX4ENMC,123.96,05/07/2011
01HR87CQ2SE6JS394NWT439HZH,332,01HR539PNG5X3MWAP50G22MENT,810.52,30/05/2022
01HR87CQ2SRAENQEMM9PVBHMJP,227,01HR539PR91RY385FB17NJFJH5,170.1,24/08/2012
01HR87CQ2TTRMHBF8AKEX63Q2J,87,01HR539PP32HQ0G57KWXWGNZHW,855.38,08/09/2010
01HR87CQ2TZD71B0833S1ZRQ15,154,01HR539PPZHM5V1T19X7NBQ0Q6,312.26,11/07/2016
01HR87CQ2V0AAVRXDRH0TF3713,32,01HR539PSVZDYKMJJPP6F6Q6Y8,483.02,12/04/2016
01HR87CQ2VTK6P4B8T1Q0MP2MG,645,01HR539PPGWJKEXQMBZ5MP3JYS,752.65,31/07/2013
01HR87CPA20AAJW0Y6NW0FW89E,143,01HR539PPQZK36CNMBFFQXQ3XB,216.4,06/02/2018
01HR87CPZK3WJB1K3QPPJEFQAY,803,01HR539PPAEFCB7YVAWZN1KMHM,724.42,19/02/2019
01HR87CQ569MHGX3F8M6G75B1Z,876,01HR539PQZZYE4BWD4FDA5DFZA,879.42,25/02/2012
01HR87CQ57PKYFT7ANESEHGPMH,536,01HR539PQEX0SC7TY3BFEM2V29,55.99,04/09/2014
01HR87CQ588ADZJ9N43SSVY8PC,808,01HR539PQ7N41VJNJ3FKM3T7X3,292.64,29/08/2019
01HR87CQ59Y4TDNA84WNWEHH2Z,174,01HR539PPJ4B9E9CK1E3VWHQH6,179.85,02/09/2014
01HR87CQ5BBG3QX3AEG7K5ENSV,921,01HR539PREJ7283GCYY2R9ZTEH,120.99,20/07/2020
01HR87CQ5CGSWFNG5X71CQMJTB,600,01HR539PNSNZP3FP9ZGKW4FQZD,377.37,07/12/2018
01HR87CQ5DM55900X49PQD13VY,632,01HR539PRTHHRP540V5H81D8TZ,930.2,05/02/2021
01HR87CQ5E14DANRH7TWX5YMX8,750,01HR539PP4B174G1HY1ZDM3VNG,315.34,23/05/2017
01HR87CQ5FP804Z70ZHH4FZGK3,237,01HR539PQW79Y0W654FJF12ZTR,230.23,28/01/2012
01HR87CQ5HXDV54DFNF03XYB41,834,01HR539PQJ4QNE8ZPYR5VM94PE,134.01,19/01/2014
01HR87CQ5J3MJF2AXM83EBDR9P,811,01HR539PPNDY9G0C7Z580XVGR5,249.85,06/02/2022
01HR87CQ5KAGW0ZW9G0TKH5E4K,705,01HR539MZZF3SYJPTXJ2JZ5P4Y,977.01,13/04/2012
01HR87CQ5MXA460ACDEZ2BDWBG,192,01HR539PQSEN3N3Q694X37HNW5,101.38,04/04/2021
01HR87CQ5NQ17HN3G17X7QXD80,909,01HR539PS3GVT9N7NYT4N71K7Q,941.22,23/05/2016
01HR87CQ5Q5XC31VMBG51EJVBD,272,01HR539PQAHSS2G5V0H98ACHSM,723.49,04/04/2011
01HR87CQ5R2BJJK9XZE2SJE2HA,920,01HR539PQXT2FZJEYNXHD7X7D1,911.86,13/02/2023
01HR87CQ5SRE5S1QD44NEFWHQQ,286,01HR539PRFBY0ER3GKGQJ9TS06,303.59,17/11/2017
01HR87CQ5TQMQYN7PYX3HXM5S2,362,01HR539PQK8W786N1WQVX6CXX7,171.62,04/11/2018
01HR87CQ5V4PTXCZQ6K0C6Q1PE,912,01HR539PS40CN6PMTHCN326973,214.86,15/08/2022
01HR87CQ5W60PTP6NNBRHNY8TH,877,01HR539PS5C1EAVCD1TC6P0TW7,361.89,12/01/2022
01HR87CQ5Y7DCAXEAKV59ZQ4QZ,477,01HR539PPGATX6ENAMC0GQ8JP6,929.02,09/01/2014
01HR87CQ5ZWG16RQ378NN3ER49,785,01HR539PSECPYGB48V9Q3SRSEA,498.48,07/09/2013
01HR87CQ602QH94QKF8C7FWYHS,415,01HR539PRR3AG18AR4HAHYKWN1,75.49,19/03/2019
01HR87CQ618BFZWK69ZD8T8JZZ,274,01HR539PQZ6D29DAY6JGX8MNZS,512.79,29/09/2017
01HR87CQ629XGQ6R0F43NP9Q06,785,01HR539PS97SMBJPNPK65XXNXA,714.18,30/12/2021
01HR87CQ641CN4FP3N148ACW1D,164,01HR539PQ3AKZFAR42MAKG420F,205.81,16/08/2018
01HR87CQ65AZ9KHX8S6BK62J41,427,01HR539PPV3KRRKDCZ6YMW63AG,237.16,27/07/2020
01HR87CQ66W27VVMCXPSM62T03,872,01HR539PRGYV1EPYQB08R7AH6C,577.04,09/12/2019
01HR87CQ679YMCGY36R8W1CBE1,260,01HR539PNDYJ7V86T8XGSK7SD8,131.22,10/06/2022
01HR87CP7DXMJZPSDZMXKCEREG,671,01HR539PRV603K9HJ0S5TK9CBM,932.5,11/12/2018
01HR87CPWYFAYMGYAVE887SBC7,159,01HR539PP9TDZ7FPVV2N3SWKQP,585.78,17/12/2014
01HR87CQ2EXEV3N41KT0F04QXA,323,01HR539PPSVE1TCXPC3QX9PDTE,429.45,07/06/2014
01HR87CQ2GWVJE2ZAKY8CBV29C,234,01HR539PR0PBMQN7KG3W311HWD,924.86,25/10/2014
01HR87CQ2H5ZCC17B6WB0HRMKP,681,01HR539PRHCNDVRD89J1Z23P1V,110.57,09/02/2021
01HR87CQ2JT75BBD9M8189EXGT,716,01HR539PS4B1DD70K1ZWA2MZHS,992.67,03/05/2017
01HR87CQ2KP9BRKN1AQ29YX6T0,140,01HR539PQ162NDZE1ZETK5BB6S,314.74,12/10/2018
01HR87CQ2M6SRWW9RPWEEHPFNH,244,01HR539PQ3FAFQEWWAFSA1RMC7,576.66,19/06/2020
01HR87CQ2NQ1Y67QY09DGFD26Y,114,01HR539PRTZYECAH1MKXYRJ0PW,583.65,21/11/2014
01HR87CQ2P3664B94HHP9J6QA1,802,01HR539PPF94DK0JJ348MM1B92,524.97,22/02/2023
01HR87CQ2Q5TTZECFRQ3M1ZCDR,305,01HR539PR0Z9NV26M9Z8H38VC0,235.23,03/05/2017
01HR87CQ2RMKTM246FFTWVXF7Z,146,01HR539PS2Y95ERHS6F4DCDYY4,988.36,01/09/2014
01HR87CQ2TKHQYM29RG9R75D9V,355,01HR539PQDM0JBNEASH6K4XZ6X,568.24,21/11/2022
01HR87CQ2V2M7SQ31FSZWDNXGB,535,01HR539PQY51XM3SQYX4P1426Z,51.45,09/03/2013
01HR87CQ2W3J3X9DK7F2NW03WF,590,01HR539PRD85MVZXV4M5SHX190,538.96,20/03/2017
01HR87CQ2XHGJ7YP7NRD6P8GR4,634,01HR539PRYGRT2JHX7CNYJN49X,192.0,23/11/2010
01HR87CQ2Y6EQXFQ3CV3DZSY72,940,01HR539PQ2ZNZMEKHN2WTWCZE4,776.72,09/03/2019
01HR87CQ2ZS6BB078E3A9HAVXZ,176,01HR539PR2F1BSEXV0TKP4HKN0,514.19,09/02/2013
01HR87CQ30Z6FBVSFYN8KJ3BJ4,709,01HR539PPQHMTR8PA59VFZ4WYJ,171.67,05/10/2018
01HR87CQ31BJX7HYW80R1NEKR4,372,01HR539PGYAEZVZE6J2V276M9C,144.96,26/03/2013
01HR87CQ32R5J6QW7VRVKCBCH7,5,01HR539PRDT28ZWVJ2NPZ3RXG8,612.46,17/03/2011
01HR87CQ33936F2ZQJV4AS66C0,825,01HR539PQ08D2G0KFND7BWV9V9,124.73,05/12/2020
01HR87CQ34D02C0XY9ZATRTWGF,397,01HR539PQFZ96QCK4WBZCAM3AB,523.61,09/09/2023
01HR87CQ36B7DN8TMA75Q32WJR,289,01HR539PPMQJ48NDZJ3CTTJ96V,683.08,08/03/2020
01HR87CQ379JK557F0ZF3J45A2,162,01HR539PRV6M3TRERSQ170N3RR,695.51,25/07/2022
01HR87CQ382CXH7PBNSHGW1489,108,01HR539PPAPXKTC0MJAVX1P0XV,436.83,08/08/2020
01HR87CQ39PGJNFNT2EMS9Y6EY,818,01HR539PPFZKHVH0GFNYDF1SWM,905.11,01/07/2010
01HR87CQ3A59NTSXTN5BVQXR65,875,01HR539PGQS5ZWEYXFK43DF4TT,586.18,18/05/2011
01HR87CQ3BV44E82K2QP8BTVWX,119,01HR539N6G5RN661YPG1HJ1A1X,599.75,09/07/2011
01HR87CQ3CNQSTBP3RV8NP4E8F,168,01HR539PNVVDGR7D9KFJPC9801,425.74,03/12/2022
01HR87CQ3EEEBM01SWHTBN2H6C,223,01HR539PS8SGXBW0P1V011JM1T,721.01,08/05/2022
01HR87CP7MPZ01P6C7JK340MW0,742,01HR539PNSZM46BS7VJ7XXS1YT,623.69,16/12/2014
01HR87CPX6NEV7ZK7GM269FA24,534,01HR539PRGTH1EDRXHQWDT0NFC,606.11,11/06/2023
01HR87CQ2PR1YY6HN7MKGX816F,220,01HR539PQP24YBPBNKRM8DXERF,956.57,27/02/2015
01HR87CQ2Q8QBAF8APY56VGY6G,251,01HR539PQBPVKSVAX8FSPXMYHV,44.15,07/02/2023
01HR87CQ2RZ2KZJPQS30ZPYFN9,936,01HR539PPQF8PQZBD2B0FMDZNB,537.1,16/12/2015
01HR87CQ2T87JVJGWZVNWPJZ6H,546,01HR539PQ4JNNF65ZQZF73CM7P,491.15,07/04/2010
01HR87CQ2VBAAPYRPTVMWFRCDA,817,01HR539PR0W567M52DB2M18R2Z,832.83,17/06/2019
01HR87CQ2WEJVD68E28GS7RMTM,161,01HR539PPP82R0JGZH9MJQFG12,416.2,11/03/2023
01HR87CQ2XQ4Q146J88JF027ZT,27,01HR539PSAW12F6F5XQQZRJN1H,594.64,15/03/2013
01HR87CQ2Y8FRABX2TK14HXZE8,158,01HR539PPM3ETRST138GAJ8W6N,922.32,12/07/2017
01HR87CQ2Z94QCXS177HTG6F38,895,01HR539PPKEND2MA8R6J2PD4BZ,976.39,07/07/2023
01HR87CQ3242CMEC2KPSCV31SY,727,01HR539PRHCNDVRD89J1Z23P1V,237.14,12/01/2020
01HR87CQ3319G4DBYBY5D84KK8,408,01HR539PQEKEAZQYEF7ZKF8JTA,265.16,14/09/2020
01HR87CQ34ZAFFJN0VZJBDPGJC,1,01HR539PPJWV1WBYXKNAZ7BPGW,341.11,17/04/2021
01HR87CQ36GWCA77DYPE7Y6G5S,291,01HR539PNVRGQN98KWHPC5Q09C,403.86,07/05/2016
01HR87CQ37R3XVA002F45A4QK6,448,01HR539PR73SXWW071MYTP6P3J,98.43,28/10/2017
01HR87CQ38N2PA176M8N0YCW0C,21,01HR539PQHA9ZTN60BSBD3DJPG,90.03,12/12/2011
01HR87CQ39MST7V964AVXWV3QJ,258,01HR539PQQB95FNZ86QNSN0D9Q,763.46,25/03/2018
01HR87CQ3A4SVT1CVH0SDNC7WF,923,01HR539PGGP51MGJGTBS1RWEMW,493.12,26/07/2022
01HR87CQ3BW8PJWZ13CQ2DMYWA,283,01HR539PP26DEASNX54SDNJ5BH,449.98,22/04/2023
01HR87CQ3CD29BFTAJDXYX7QBV,127,01HR539N6Z6SP6F9VRWNS82HPS,157.97,06/11/2016
01HR87CQ3D94XAPNJP8DNZC9XS,6,01HR539PRM3B3TMRDECBF43ZW5,778.78,05/10/2012
01HR87CQ3FPJ4RBGHP1P836N6A,281,01HR539PPSNW1MAC789SW0N53S,128.34,07/02/2016
01HR87CQ3GMDDZAWFH76CYDF07,471,01HR539PPJ4B9E9CK1E3VWHQH6,612.18,23/03/2014
01HR87CQ3HTK6XPH27W5AFKHVW,816,01HR539PP0Y13ZDZ0H8KHX1R08,876.86,03/09/2014
01HR87CQ3JZ5B37JWHFY2QP426,119,01HR539PRJWA19TH36944FA4F6,817.84,25/10/2011
01HR87CQ3K2XSM1SP0WS0RM9Y5,737,01HR539PR4Q9DFDSAHFMWKHN9X,606.37,19/12/2020
01HR87CQ3M2049XE09BFYH3127,88,01HR539PQ7N41VJNJ3FKM3T7X3,209.84,01/04/2014
01HR87CQ3NAYZH06K446P1MCPK,618,01HR539PRTV65M9VWZ2116WHN5,92.24,18/08/2022
01HR87CQ3PNATZWBA60QEX2XN3,160,01HR539PPW6F1QFJZ4YZZTKD05,503.67,03/01/2017
01HR87CQ3RM900EZVPF0XXNG4T,172,01HR539PRW9R3M808MA8MGGH3F,853.14,19/04/2013
01HR87CP89ZEBG5Z1YGG3N61ZY,213,01HR539PPYSY9EVRDXYW1EXXPG,673.07,09/08/2018
01HR87CPXQK89DA3N7WG972ZMT,927,01HR539PJKMWW5KMXHBRBVVQQT,744.12,04/07/2011
01HR87CQ371Y0YYHKJSFQT6WDS,312,01HR539PRBTNJE7DG3M33A1TK2,732.59,24/09/2012
01HR87CQ38XVAQ98NXZ6GC6CD7,191,01HR539PPDYV1K16AY7YBCE0T5,118.11,23/05/2015
01HR87CQ3A4XD2B0Y9D4N29SDV,222,01HR539PSPAWXBS4DQW1ZKK62Z,498.62,09/07/2016
01HR87CQ3BY12RJ87ZDZNDFHHH,88,01HR539PPDTM9NE5EXJ79TNE9T,12.04,16/08/2012
01HR87CQ3C1G60MK2WXBA2YR9X,75,01HR539PQE2KWY31F95KWV1NYZ,694.54,30/07/2022
01HR87CQ3D8637BC7SV3Z2KG8V,842,01HR539PR7WWDF8A8HWNTW7WY2,281.66,03/07/2017
01HR87CQ3E7WN86P1NQ32DX9E3,809,01HR539PR8QSFN65G2Y0P566YQ,922.82,12/12/2016
01HR87CQ3FK4D741AHPJX5GV3M,642,01HR539PPXJAD4292QEJ4HSPT6,403.19,04/07/2020
01HR87CQ3HMB0KTA81G5NFEHT8,118,01HR539PRKZZSJCRRHBHSRC3D1,619.67,18/03/2015
01HR87CQ3J1AG81EMPKS0SSE9M,21,01HR539PPZA4XVG6W67GWGZ599,877.07,16/01/2016
01HR87CQ3KX0FYR036DN04K5JK,185,01HR539PRRVJRX4P4SN9PFJ034,337.83,10/06/2019
01HR87CQ3MACAP4NBRE1B4REQY,476,01HR539N5YXE56R0G8HYD7R2JY,850.14,26/04/2017
01HR87CQ3NTC1Q4TVF9AQQSEF8,377,01HR539PPZW4TD5HCJ7H2TFMEM,883.57,01/05/2022
01HR87CQ3P61MXGZQ5PTD9VWA2,219,01HR539PRC999H3DBXEAZWPXEK,980.44,01/04/2018
01HR87CQ3Q7T4Q070WWGW326A0,133,01HR539PRDBXKSDWVVHTJB188Q,485.44,08/07/2012
01HR87CQ3SJM1FJQN50FNCWWSG,484,01HR539PQ7KD7ER51QS03KRPD0,491.79,28/01/2014
01HR87CQ3TFDGZZ4R8J4RJ4PJ2,580,01HR539PQVKHQ8HHE468706MVB,39.79,12/05/2023
01HR87CQ3VG1ZNZBTQ60T5EFWK,151,01HR539PPNDY9G0C7Z580XVGR5,577.71,30/08/2023
01HR87CQ3WJ3R220TXB5FXHCYN,916,01HR539PS97SMBJPNPK65XXNXA,559.95,23/07/2012
01HR87CQ3X98Q005P9B48R2M0P,122,01HR539PQTE50P43TGYFK4C2YA,256.2,19/07/2023
01HR87CQ3Y2J8KYTRSCX0TZNK6,349,01HR539PNKE0G19YWCH4MSFZ27,933.65,12/03/2010
01HR87CQ40K39SSXEPVET4BT6Q,231,01HR539PR4G3Y7J0FMM8ECBSZ1,589.44,04/09/2022
01HR87CQ41G33SM7RPPK5RP3BQ,65,01HR539PRM97CXWVDY7Z0FEXMA,630.22,27/07/2012
01HR87CQ42RNFCS0SXDYSPDD0B,589,01HR539PQPQPJ2J88N8CDACVF7,585.38,25/03/2012
01HR87CQ43Q150PF2EBN3TBKZQ,75,01HR539PPNWWV81XFGHN22HK1N,65.48,16/04/2012
01HR87CQ44SZJQQC2ZXG2G66X3,280,01HR539PQB4PTKZN2MVA8GDMMR,259.66,16/04/2020
01HR87CQ45959KWRN2T1RG3GK8,265,01HR539PQBV4M0V3A6SRP964NQ,390.12,22/07/2019
01HR87CQ466A2689K6H0YZEB3P,330,01HR539PRE52Y9JC22CTFYSVPZ,559.86,09/04/2010
01HR87CQ47G8VJFNQ24QB022VK,462,01HR539PQ7WAWE2NJYATCGHPJZ,894.13,29/09/2013
01HR87CP8BPC80QGXC3ZNDEX7T,473,01HR539PS5C1EAVCD1TC6P0TW7,479.49,31/05/2011
01HR87CPY2FZGSHRJE8RC3CQKR,67,01HR539PPZHM5V1T19X7NBQ0Q6,659.8,21/06/2019
01HR87CQ3KEG1D6WRXE4WYQBF7,695,01HR539PRE943ZZZSZHB07F172,82.84,17/12/2022
01HR87CQ3NDM0ST1ZV9TR3FNB2,425,01HR539PQSQPZTHSD1738KC2WR,583.14,31/10/2021
01HR87CQ3PWNN6JS1Z8V4EH6AS,115,01HR539PRERBK3FDR6CYAB9JA9,403.58,07/10/2023
01HR87CQ3QX2F215QFK0SXWZBW,104,01HR539PRQF163R6SNXJEEZR6X,658.02,06/10/2014
01HR87CQ3RBN560H797EP2MXSH,888,01HR539PPVQMXDPE0QM3W12Q5R,111.49,23/01/2023
01HR87CQ3T9DH0AG2G3B13S492,495,01HR539PREPZ88HK48CNTKC9RP,53.28,17/12/2016
01HR87CQ3VZ9JJ1EN8AQ28X67P,656,01HR539PNR6YPN0WWQFVGB7ZYJ,219.51,12/12/2017
01HR87CQ3WFFR8DESDC949PT7J,881,01HR539PS0RFCXR6HFSJ1BQSYW,710.37,07/06/2017
01HR87CQ3XYBKM0XZSXRDAHBGS,660,01HR539PNY9BYRGPZ84GYX09B0,63.43,05/11/2018
01HR87CQ3YEK2QF1K3EB7CT1FD,428,01HR539PS40CN6PMTHCN326973,658.07,01/06/2015
01HR87CQ3Z7CD0ZBBGFT32ZKEP,572,01HR539PQ8AVPPFMXV83S74CSD,327.66,19/10/2023
01HR87CQ41P57N83MK12PDSYAP,527,01HR539PRBMRGTPTXCDW1D6AKD,619.69,20/06/2010
01HR87CQ42K649XK4DWS9HANE6,190,01HR539PQ4JNNF65ZQZF73CM7P,426.53,16/03/2016
01HR87CQ44KMTS640Z392GGBXW,233,01HR539PPH7WF9VK97WBG77KWY,64.71,16/10/2014
01HR87CQ455A11T2Y9Q43CY17V,152,01HR539PS4TPQY2DB5X86FJCYQ,540.83,17/12/2015
01HR87CQ46GP2XDAF5DBP9FE1Q,755,01HR539PR6S3XWEWSYV5GAGEMT,79.71,19/01/2017
01HR87CQ47QY8M0FB2T7J78BYE,366,01HR539PR4QF2E2X4DP4FPFMSP,447.86,24/11/2014
01HR87CQ48WG5R1CS85JFJ86N8,894,01HR539PR9QG5BBAC7GKRQ44F4,394.78,16/08/2022
01HR87CQ49W0VXNAVQVWYQQ2J5,2,01HR539PR51X76MRAM6MYNK9CY,924.84,26/01/2023
01HR87CQ4A28EADSN0G6MY7B5F,73,01HR539PPQ3GRNNDGK98SP5BWV,604.79,07/10/2022
01HR87CQ4CJFG3DSRB9J6K9PJ2,643,01HR539PPFAXPHT8B5EQFRKDVC,774.89,24/01/2014
01HR87CQ4D2BD2MR189TKBQRD2,336,01HR539PPJK06QF2FSX8SPZD16,558.87,04/02/2014
01HR87CQ4EN93HXGCWSFTVZYEB,418,01HR539PQS72WYZMAQR6R4QJSZ,275.17,01/02/2020
01HR87CQ4FY5FGD7AJPS1G71Z3,430,01HR539PPJ1BBAW35HTVD6E6YE,144.67,09/12/2023
01HR87CQ4GARB5TWHG99NH78VA,125,01HR539PNZV4BWQ7ERZYW6HW2B,992.83,19/03/2012
01HR87CQ4HMGDFD88N427AWQPQ,18,01HR539PP50XPZ2F5K5P086ZSE,867.53,01/11/2016
01HR87CQ4JFQ77E01NTB4Z4NBC,596,01HR539PFX2CCCYT8WD9P3PE05,292.29,24/07/2014
01HR87CQ4KZFNT2BX2ABFZGBS5,532,01HR539PPG2SCEY3DQZXKRGR0N,392.96,13/09/2012
01HR87CQ4NZNKF1TCC0RDHBADM,36,01HR539PQT58871Y3CPB969V6M,482.65,13/04/2017
01HR87CP95QB04XSDV0834XPEB,626,01HR539PRNN20FT925F61GKGZR,519.53,30/10/2017
01HR87CPZ0P6CAY2BVZ789ZFR2,698,01HR539PPTVRJ1CV7R6H4S5M0P,474.99,19/03/2010
01HR87CQ4JME6BZ10C4JYZ7A28,353,01HR539PQ8MT77JQ686DPJG64V,483.4,26/01/2018
01HR87CQ4KSVAE6YXJPXM9AWV4,670,01HR539PS827TGPB3V5M6G83D8,971.3,31/10/2021
01HR87CQ4NNWPAS2KB0FDRHAR0,557,01HR539PS4PMMZJ6JMFN9G24VW,874.0,12/05/2022
01HR87CQ4PDFG9Q5ZMBH3PD69N,21,01HR539PRA59ZY91ZRCGAPV1F4,30.11,31/07/2016
01HR87CQ4R5MFY11G79EZVKM9F,888,01HR539PQJXWHZ4EKR6HMH4XCF,498.59,24/02/2014
01HR87CQ4SW44QWMMM87YCQH63,106,01HR539PRR3AG18AR4HAHYKWN1,156.21,05/11/2021
01HR87CQ4T4NC67JGAYFJK3K1A,598,01HR539PQE8QA5JQ0Z4Z08AQFW,654.46,18/07/2015
01HR87CQ4VR3S2QA1T4R9EHNS5,523,01HR539PNR6YPN0WWQFVGB7ZYJ,252.86,03/05/2021
01HR87CQ4WVF3QNNWYAT9J394D,445,01HR539PS97SMBJPNPK65XXNXA,305.19,25/05/2018
01HR87CQ4YFB931NCHQR0N9SA2,468,01HR539PJ52JDFX18742XB7G8W,827.12,28/01/2011
01HR87CQ4ZACVS6P618KAPKPR2,736,01HR539PQ2CSDSMWYN934NWGDJ,6.67,18/06/2023
01HR87CQ507C2F07TC2B50VAWM,684,01HR539PQKVJ8ZG77WWMPFQH7J,713.38,28/03/2016
01HR87CQ510TYQ9H1F99CVYQFE,535,01HR539PP5GT1RJSD7C9P0V4BG,801.86,20/07/2017
01HR87CQ539QH31B73S67A88Y0,164,01HR539PQ55RZEB70DMV34QPSB,275.64,31/07/2021
01HR87CQ54HA5ZCQYKP32HZGVZ,907,01HR539PQGRSAAB6JDS7E82S4D,818.92,21/03/2014
01HR87CQ55PDJ5P6R5C9VYNM6Z,584,01HR539PPC62PBW33X23QZPE0X,823.52,28/11/2014
01HR87CQ564GX9YNXX4DB4AB6C,139,01HR539PPN48GH7K4EV80X4WCK,56.34,26/02/2013
01HR87CQ57AC3NB2NZC0BM99GQ,529,01HR539PPH1024F3SXWSKA3P46,405.19,24/12/2018
01HR87CQ58KQ3DH6A88A2CYMWA,56,01HR539PS181CA2ZX0SYSMXA17,46.45,03/01/2021
01HR87CQ5A5KRD8QDFHK4Q6YZF,671,01HR539PP7PHSCY4EXED0ZMTQF,510.38,06/04/2019
01HR87CQ5BPAN5KZJA0BG5ZV5X,206,01HR539PPEFCJ8AMC91F3409MJ,539.71,20/03/2015
01HR87CQ5CNMSEXNMB8EAHQ6PN,484,01HR539PH0QGQ5JP7YEMFK3BP3,701.61,19/02/2014
01HR87CQ5DHWNJ1N5GE74H104T,750,01HR539PNFG3HPP00WKBPSKVAR,576.26,03/08/2010
01HR87CQ5E23A2FCTQQYT5FDEZ,419,01HR539PP70TSN7NHNB2V9YM1M,151.62,09/06/2022
01HR87CQ5GM4BGM1C2ER4G69Q8,857,01HR539PR7WWDF8A8HWNTW7WY2,1.78,10/07/2017
01HR87CQ5HNBJG87B1EB0Z223Q,195,01HR539PS78WGY82ZSB7WY1AGW,295.58,04/03/2014
01HR87CQ5JNCAPQE07X6NXGPNX,358,01HR539PREVWP52S3AX60HXM90,754.95,02/07/2014
01HR87CQ5K91XT62J225SG7B4J,651,01HR539PRWJ00N2BN3J3K8WKKF,199.87,28/02/2019
01HR87CQ5MBCCQRRZGXFEZY7QR,428,01HR539PQ6SEWSSP23P4WZ610B,739.29,17/06/2016
01HR87CP9446SVYVAE7VB1M3QM,892,01HR539PNX2QNFW9P5EY4NXVAP,765.23,05/04/2012
01HR87CPYY52FETBKF1EYNHQH5,395,01HR539PQXT2FZJEYNXHD7X7D1,537.19,01/11/2015
01HR87CQ4GRH4A3K4Y73XF0TG6,940,01HR539PQF65TXPH44V0NY217T,854.73,16/07/2018
01HR87CQ4HJEM04ME6GAVPEQCH,586,01HR539PQ0HKAG3QEFBJZ7DGSM,133.21,28/10/2023
01HR87CQ4JHDPXNS4JR7KZHA7N,81,01HR539PPBKAHH36CHGG97T13S,213.56,29/04/2019
01HR87CQ4KHT29QRQJGZA9TMSN,89,01HR539PQJ4QNE8ZPYR5VM94PE,487.48,26/11/2023
01HR87CQ4M8R8M1H9DFAYCN70J,131,01HR539PS8K7ZPG6BHDJ7NEGVP,608.16,14/08/2017
01HR87CQ4P3N6QRHD774K9XWMW,403,01HR539PR0Z8R70M64TJ9SFJKA,961.08,26/09/2014
01HR87CQ4QHCFN7YTT8PZPDTKM,638,01HR539PPNGNTSS22VJKTT2V6F,871.85,07/01/2023
01HR87CQ4RTYEME0KW0XZQFM3W,859,01HR539PP8TAYA20PWVT61SRDB,967.25,25/01/2015
01HR87CQ4SYH78XWHCX878DB94,493,01HR539PR59DXEH138WH4TSC0Q,526.92,17/09/2020
01HR87CQ4T5DN2R3Q6N3TNW27W,768,01HR539PRCY6P0BX93PN1804MW,596.13,17/05/2019
01HR87CQ4VC2MBM0VRWJNZCD9X,945,01HR539PPRPQ50QPYH0TZZHCR4,120.56,20/02/2018
01HR87CQ4WQK1EP2Z7F551BZT6,366,01HR539PRM67WMR64HRTRG5H1B,176.6,21/05/2010
01HR87CQ4XZR229CNKRB6VTHWG,418,01HR539PQMH1273GW17E6KSQ2X,583.01,15/01/2019
01HR87CQ4ZPMYJK9Q5T55QEJAE,475,01HR539PRHYG65E3K4VV4NFM4N,735.24,09/01/2018
01HR87CQ50FM5EC2JDTCQ567MG,411,01HR539PPH7WF9VK97WBG77KWY,774.77,22/01/2014
01HR87CQ51HFQH0TF9FTE2E0K0,427,01HR539PR1H5RZDJD4HD6688RS,676.92,21/08/2020
01HR87CQ52SPW3B02P3EB6SD0Q,902,01HR539PQ7ND8JBY0756WGDT7A,558.5,19/05/2020
01HR87CQ53ZDJEJJJZK427MG0A,156,01HR539PNZB2XPFDGCMNFFKDM9,213.77,19/12/2018
01HR87CQ54Y8EYPYBWA529GBQK,764,01HR539PQ2QGN5GEC4ZKRHS350,851.66,30/01/2020
01HR87CQ5590XY6KTQA1AXB5G9,111,01HR539PQJ7Z64176MA4PVR8TY,101.67,06/08/2014
01HR87CQ57T2H2AC24NGJZ8ME4,85,01HR539PRWDQ4S5RJV9X6S6QR9,185.19,08/08/2014
01HR87CQ58PNE5CG9W44BCX5Q6,270,01HR539PQTA4GPB7JW47FYA48W,627.37,08/07/2011
01HR87CQ59BWWJSNBAACAT2XZJ,384,01HR539PRJWA19TH36944FA4F6,340.02,01/06/2012
01HR87CQ5AX7KGKJTHKMTC1HY5,565,01HR539PP8GNQFPMF4J96ZWJ76,228.7,21/04/2022
01HR87CQ5BXHZBGHTZXTJ8HHPE,202,01HR539PQ97DKEHKY7B3PNVZN0,290.19,08/03/2022
01HR87CQ5C7XW7ME6SJ33ZWRW9,465,01HR539PSECPYGB48V9Q3SRSEA,42.63,08/02/2012
01HR87CQ5D628JNXDW931TW224,358,01HR539PPEE5NTPDMXS4W5R6JT,914.32,29/09/2013
01HR87CQ5F4PXBZAPJFR116RWP,334,01HR539PQ6SEWSSP23P4WZ610B,248.78,27/09/2011
01HR87CQ5GXM3ESRPXSXFFZEYS,727,01HR539PQ5BFTT3VDAWBSQ0D8W,469.29,18/01/2016
01HR87CP8PSZCTZZ7Z264H2X35,322,01HR539PR57AYNATRJE5WW34QX,309.38,22/11/2017
01HR87CPY6E2N28ZSPBA6ZPFS7,336,01HR539PQTZNRHG5R14YT38MCQ,716.0,07/08/2019
01HR87CQ3P0JJCH75EC42WP6NK,452,01HR539PP32HQ0G57KWXWGNZHW,841.88,07/04/2015
01HR87CQ3QTGZD7Q8HWVDAS9D2,486,01HR539PPMQJ48NDZJ3CTTJ96V,419.05,10/03/2018
01HR87CQ3SZZWMCYM5BBM5HF43,446,01HR539PPRCR4Q9CBYD034F9VH,307.66,01/03/2016
01HR87CQ3TW1B19A0A04Y042N6,58,01HR539PQ4DV9J8F5B4K8M49M7,352.15,14/09/2016
01HR87CQ3VWQ4R053Z18ZJ4WKM,446,01HR539PRS9DVTYMD3DMYFK72C,168.62,16/10/2012
01HR87CQ3WK16QFX1EDZ7Q3JFN,870,01HR539PP44AGM5F2DTHV107DG,292.69,07/04/2013
01HR87CQ3XPMDKH4H0PBM4WKHE,746,01HR539PQ98B22EWB5KR9XYMZD,648.52,16/09/2021
01HR87CQ3YC1SFR49843RTT7C8,896,01HR539PR2RG6KTVJ7QTTMS7M7,389.55,28/12/2018
01HR87CQ40NVJCTVD8D59T8HKZ,122,01HR539PRCXGHR2CJZ75J0HAFH,788.56,30/09/2021
01HR87CQ41RQ351Q21SG8BG8AK,671,01HR539PPXF5XTM1TW94DHMJGG,993.13,13/12/2021
01HR87CQ42GDC0G5T223PN2DE4,269,01HR539PQYH4YM17RRFM00P41H,58.57,11/06/2018
01HR87CQ43HX2JEKD4A6TNX1VS,783,01HR539PQPEEQRXNDBEY67C3WG,923.22,27/10/2014
01HR87CQ44W68Q5X1NNNP8K2QP,769,01HR539PHRTM6FC88GAY37CWGF,355.42,16/09/2012
01HR87CQ45WPF1N061N7RFNTJR,870,01HR539PPH1024F3SXWSKA3P46,835.79,17/01/2012
01HR87CQ461DAX246EPSP8M4D5,474,01HR539PPZHM5V1T19X7NBQ0Q6,267.05,25/07/2022
01HR87CQ47GD65HMV7ZMAQ7F40,250,01HR539PR3V013Y5DT98BGEYSB,728.09,17/09/2018
01HR87CQ49CGYZ11PP69KKHS6B,188,01HR539PR89MHJ6SF8TQHPJ895,946.02,15/03/2015
01HR87CQ4BAMZCN0MS8E7YS0TY,262,01HR539PG0XDEGTJD705W6AK2H,248.94,02/07/2012
01HR87CQ4CSR21XJNPAZK168TM,451,01HR539PPKSND7TMYMNNN6P291,143.33,02/10/2010
01HR87CQ4DN7GMBTBM3WX1WPYF,615,01HR539PJ5C8M922F7D23W3RDS,116.38,23/10/2021
01HR87CQ4EZFFG85SEA7HD4092,283,01HR539PPQF8PQZBD2B0FMDZNB,424.76,08/12/2017
01HR87CQ4F1GGZK4WBJYTZW4BN,247,01HR539PQDM0JBNEASH6K4XZ6X,843.64,03/08/2015
01HR87CQ4GD9SPDSNA2M8QV53A,288,01HR539PRE52Y9JC22CTFYSVPZ,666.04,01/03/2023
01HR87CQ4H0652W6Q7H7B76AVY,903,01HR539PS7PR23KCEWBZ90RVB7,125.19,19/11/2012
01HR87CQ4JGX6MM8Q8PBGK7CYM,75,01HR539PPK053R75C64ZKV01S4,911.19,22/06/2011
01HR87CQ4K8MKEJVJXZ56NHWDC,211,01HR539PQCJZJX7PGWNS3ACTD0,736.46,05/04/2017
01HR87CQ4NCWA1QG7F1MVJG1G1,405,01HR539PQZPKMVZBHDDX3JKKMB,867.96,01/02/2016
01HR87CQ4P9EZ19VPKPP0YQ0WT,239,01HR539PQYGW54136A2NVHETN6,46.28,17/05/2017
01HR87CQ4Q8SZVJXQWB4E8FNKT,243,01HR539PR39YG869FQJJGXEESN,574.58,26/10/2023
01HR87CPA76HQ7R2R1VNH56RM4,567,01HR539PRG95GWNFJ35AR4ZC57,370.62,16/11/2014
01HR87CQ0BAC2GRGMHBMMVR94W,601,01HR539PQV5YEMKABWXQGH9X2B,891.21,23/06/2014
01HR87CQ5YR4X2MPB652S0NRXY,484,01HR539PR51X76MRAM6MYNK9CY,337.7,18/02/2017
01HR87CQ6072NM0XKAWM21BEZ6,171,01HR539PQJGXW7HRV8MNJMHN06,812.28,25/10/2020
01HR87CQ61S3JFE2VEW0GHR1RK,605,01HR539PRP0CZQFFTHZW1A9W2G,643.29,29/07/2013
01HR87CQ627TKK47NGK0ZKMTTN,254,01HR539PQ0P5RCX2Y8V5QNF8QN,14.93,07/08/2014
01HR87CQ632QCQNEP96D1WFYY4,793,01HR539PQH3EWPYAY0JTX09SPD,348.25,27/09/2017
01HR87CQ64VFT6Q09TBGS7MRPX,949,01HR539PRTZYECAH1MKXYRJ0PW,191.85,27/05/2023
01HR87CQ65X1KP6J15CP88GAXB,681,01HR539PQG3ZHFSYYYJ8WXP0G7,553.48,21/05/2015
01HR87CQ66AQACXN4CD0Z1K4GT,533,01HR539PR0Z8R70M64TJ9SFJKA,462.13,30/06/2011
01HR87CQ67RV8TMS6B6N5NMEK1,7,01HR539PRTGJ1TSQXQ3WE62B4R,904.35,03/11/2018
01HR87CQ69336KYP80S0Z1BFQW,360,01HR539PQE7YYZ0Z0D06YPMADA,263.28,08/08/2023
01HR87CQ6ASC9PVJGF02GVC4XB,293,01HR539N18X7WSQ7R40CFVJ90Y,141.31,04/11/2012
01HR87CQ6C72HH1GXXGPQ7FDFJ,218,01HR539PPKMP3CN0SN10RFD37C,128.26,12/08/2022
01HR87CQ6D9WMF0HFNFK13T6GZ,232,01HR539PQQQ9AJJQ5GFF1GS8AQ,18.09,25/06/2013
01HR87CQ6E0DA2JSCBJ8BJ3A17,291,01HR539PR2ZR1DWE7JEMASXHW5,491.68,02/09/2010
01HR87CQ6FF9WHJN4MA5CVV67R,391,01HR539PR2F1BSEXV0TKP4HKN0,396.33,11/08/2017
01HR87CQ6HKR7ZQWJ341K2KH8A,699,01HR539PR6S3XWEWSYV5GAGEMT,974.15,04/04/2023
01HR87CQ6JMMAA67BJG7DR590P,541,01HR539PP8TAYA20PWVT61SRDB,671.55,18/03/2014
01HR87CQ6K8QRHZ4FWT14HZEK4,264,01HR539PPW6F1QFJZ4YZZTKD05,22.32,23/07/2013
01HR87CQ6M42XEA6KTE31QB63Z,441,01HR539PQJY6S60ZSWD79HVP4J,680.84,13/06/2013
01HR87CQ6N11QQ56PE5TG44JV3,643,01HR539PPNDY9G0C7Z580XVGR5,581.96,30/03/2013
01HR87CQ6PW6GQ14PD6PYTHZEB,319,01HR539PGWN8C68Q5DKMJ2Z4MH,737.01,22/09/2015
01HR87CQ6RYJV0S7E1MB7CTMV8,273,01HR539PHDDCMYXSCMBS4CD5FT,621.8,17/06/2014
01HR87CQ6SFCNSXJXHYCZ4VG67,410,01HR539PQSQPZTHSD1738KC2WR,117.76,19/10/2010
01HR87CQ6V6NHZCTSRNY32HE7P,533,01HR539PRAPEJPFQVRKBKDQ19C,112.38,05/12/2012
01HR87CQ6WEYKH93F0BFMWH67P,475,01HR539PQMZG1XARM9010P6H9R,294.94,27/04/2012
01HR87CQ6XS6B14ZG492J4HDPV,581,01HR539PQ18X2VMR4SNAD85R4M,959.61,05/11/2020
01HR87CQ6Y6PWMPXTWVNX5PCSQ,174,01HR539PS1NEV91VFH26SGZ5XF,961.72,09/03/2019
01HR87CQ6ZD3JYANWEMWF3932F,932,01HR539PRFM4ERPV7P1A6PZYF3,215.2,22/03/2014
01HR87CQ70Q0M6N2BCP0HZG1XF,107,01HR539PRM0T7X3N7QHEB36HBX,945.84,30/12/2022
01HR87CP9Q3B6QE13SFGRXFB13,259,01HR539PRFBY0ER3GKGQJ9TS06,860.91,05/01/2011
01HR87CPZNQ5MFP8BX4KP95BB9,652,01HR539PPEPQTFMAWMRZSCY55G,297.93,21/09/2012
01HR87CQ57QF95DNVM60BXHVT9,912,01HR539PQZEQ3KGSQXSY3W0C0T,465.65,30/08/2019
01HR87CQ58G20KC461DJ1825CS,33,01HR539PPW6F1QFJZ4YZZTKD05,539.63,28/09/2018
01HR87CQ59JDG62CRBZN3SD6TR,116,01HR539PQ4MC6ZZSABH13VS7R4,847.33,29/06/2020
01HR87CQ5AQMB0BZ69XE2HH33E,267,01HR539PQDWAM3D0FVMAEMWMMM,305.32,14/09/2012
01HR87CQ5B6SXE008HNB1KBCSD,580,01HR539PQ6569DW3XY2P1TDTZ3,595.8,14/01/2013
01HR87CQ5CXGMNC5290P25MW52,669,01HR539PQKVJ8ZG77WWMPFQH7J,393.56,18/02/2013
01HR87CQ5DSQB4X00B50AA9EG8,929,01HR539PP5GT1RJSD7C9P0V4BG,302.67,05/09/2011
01HR87CQ5E8Q4FMS047DB2B49E,114,01HR539PR4VBX61GSFXVX8JBXY,180.37,21/01/2014
01HR87CQ5FTXHZRS10HBH8878A,706,01HR539PR89HBE4TRBDR8SKE0F,895.15,30/10/2017
01HR87CQ5GCRWYZ3DJ0HNQ2FCV,617,01HR539PPKMP3CN0SN10RFD37C,710.49,25/08/2012
01HR87CQ5HTFC5H5M5Y8HN928B,172,01HR539PPEDAP6XRTWGZFJ24W7,834.37,28/05/2011
01HR87CQ5JBZC8HPCMZW07H2DY,850,01HR539PPYZFCRPZ99SXA4KGTZ,958.66,15/12/2022
01HR87CQ5M76TMTP7PWYNWQEQK,343,01HR539PS40CN6PMTHCN326973,804.59,10/11/2013
01HR87CQ5NR67HZV3SFNQSHWW1,376,01HR539PQQRD664G28645EG5EV,75.12,29/10/2011
01HR87CQ5PGF5HMKG8GBZQ819Y,208,01HR539PSM1J3F76VJVJKKRRG0,923.89,09/06/2020
01HR87CQ5QY2YQRQ3TJG1WD1QH,226,01HR539PPF672QJ01YGFNY51AN,718.49,31/08/2012
01HR87CQ5R83S6X1HYTDAAFZZN,820,01HR539PRW73MYBND8VDVB9AXF,897.99,23/06/2016
01HR87CQ5SZGMNH7ANXWDEETB4,507,01HR539PS181CA2ZX0SYSMXA17,615.91,03/10/2022
01HR87CQ5TEGXVSF3V95MYRRNH,320,01HR539PPDYV1K16AY7YBCE0T5,413.62,12/03/2020
01HR87CQ7Z3TRTSBW3R1A8CW6W,208,01HR539PRYABEXTSS90Y903KXR,620.85,12/07/2018
01HR87CQ80TC3AKM2AERZFDCYS,165,01HR539PQK99SHQQW96395E917,800.1,19/08/2023
01HR87CQ80W6NM4876EC57KKX1,77,01HR539PSVZDYKMJJPP6F6Q6Y8,197.23,11/02/2024
01HR87CQ81XBKCW51R6E5QT8JX,244,01HR539PSA0P79VC5MNVYR3W7Y,716.75,18/07/2021
01HR87CQ81YDR3S4FGCP0KXSE2,505,01HR539PR2PA0FSKPTEW0Q73S0,674.97,28/08/2017
01HR87CQ82C1VPGGEV182AQTXA,785,01HR539PP9RQERZKGYYQ0CW9PK,484.51,15/08/2011
01HR87CQ82FFSSXW2KBHFQ4131,465,01HR539PQPPJ06XVDJAMG29JW6,196.27,02/03/2019
01HR87CQ83VRX7BWX5ADS54TH1,278,01HR539PPXBEGNX0J89X5JABD4,689.18,07/10/2015
01HR87CQ830R0BK84V9WY0ZGZQ,314,01HR539PP2G8S9P0SGYZE88WSD,700.83,10/08/2022
01HR87CQ8499JEX1VT5BBFVR1H,166,01HR539PRF5NNKX4D4KAPD0TRH,472.22,02/04/2015
01HR87CPA5K7MV9RFG87K8V1YM,617,01HR539N245C7F2HZXT1JH3CD8,874.94,21/08/2021
01HR87CPZEC7MHNHMA1YRBZBBV,792,01HR539PNBGRXNQC3VRTCMEDNG,103.16,07/07/2012
01HR87CQ4ZWVWVDKKX2W2ZH8FB,702,01HR539PPRXC0J6PWWTCDQKKCH,400.58,13/05/2020
01HR87CQ50NBEKEF3MWNZW6W7K,300,01HR539PR4CCA5N6T9705J6ZGF,849.39,22/03/2010
01HR87CQ51P7J8V52NCXRYQK7T,286,01HR539PQWTEKAQ2GXP6ESX8XA,236.66,27/03/2023
01HR87CQ52X2FDYNTAXR5NTC08,358,01HR539PP12NFM2Y6TK6SY2KQH,794.39,05/08/2019
01HR87CQ54TRHQN5XTG8W4F3MZ,404,01HR539PRTMY9XBP8N8SAKMKB9,736.18,10/09/2015
01HR87CQ55MARMWBCHND5TJKT6,97,01HR539PPKEND2MA8R6J2PD4BZ,805.27,09/02/2013
01HR87CQ56RXB8GXNDYCE7J1A8,226,01HR539PRJ3D71462TSK3RM8S6,212.76,11/09/2015
01HR87CQ57XT7J4JYXBY0C6QQF,159,01HR539PPXVEJARRKW016Z0TC0,472.23,06/07/2013
01HR87CQ584QJXYSCEQHV05GB3,386,01HR539PQ31AQRJH8M5MEPAN1G,448.64,11/02/2018
01HR87CQ5A4AEGED31WD2FCG0R,856,01HR539PPCGXQD4B07WD4CJ831,651.26,06/06/2011
01HR87CQ5BWQMDGMASCPR5W6HM,816,01HR539PS4RWB5X6HW9FQEFY9P,622.46,15/08/2019
01HR87CQ5CAYAQ0Q490YHSAG4Z,124,01HR539PPR18WCBCP42WQK4K9S,679.57,09/02/2022
01HR87CQ5DXM7VD8C12T337XWP,410,01HR539PG679FZSM259DEVVBGT,908.96,08/10/2016
01HR87CQ5EM7X28PW22Y4W63JY,310,01HR539PP83M1854PNDK9HT4F5,267.32,25/04/2021
01HR87CQ5FRJQHQT0W95VEWHJM,564,01HR539PRNQA6ZF1ZD91VWBEW5,402.09,18/05/2023
01HR87CQ5GDRVW9AYNRV19357R,816,01HR539PPNWWV81XFGHN22HK1N,195.33,18/07/2018
01HR87CQ5JMRD27AEMJXYFPY3F,856,01HR539PS0Z4SHMPHFAEAN11XV,842.56,06/02/2018
01HR87CQ5K11DD0GMDV34BHHK7,903,01HR539PQQ3XBZFCX1EMKDAGJP,786.29,12/06/2019
01HR87CQ5M4DFYGRA5X1368CQ2,104,01HR539PNNSQM94RZ7X8NB86CA,20.77,09/01/2017
01HR87CQ5NQQ9D3C59F2GKVY1G,34,01HR539PRKZZSJCRRHBHSRC3D1,446.34,13/09/2020
01HR87CQ5PRDGG8TAJJCEVG46D,231,01HR539PRAC9WVNSCCNKSQNYJS,396.09,21/11/2020
01HR87CQ5R6654K4M6GTQ6Z2RM,4,01HR539PPTVRJ1CV7R6H4S5M0P,224.6,31/07/2022
01HR87CQ5SYFQETNCWQ9DPB6W3,342,01HR539PQVJEH5AXHR29X2NHTA,421.78,06/04/2019
01HR87CQ5TKPQBJYWKZWGYENZB,843,01HR539PRDBXKSDWVVHTJB188Q,795.21,21/08/2023
01HR87CQ5VYAA1V9BVPV796FGS,98,01HR539PRJ40RRS0VEB7TJ6XGV,558.5,27/03/2014
01HR87CQ5WB8WVNZVWM3PAPJZZ,278,01HR539PPH7RB179EDFY6RVEQ9,689.38,11/07/2013
01HR87CQ5XHRDD8EA8YDPX1ZWS,130,01HR539PQE8QA5JQ0Z4Z08AQFW,524.77,30/04/2021
01HR87CQ5YZG1REJXC49X5T6G5,925,01HR539PNY9BYRGPZ84GYX09B0,538.19,13/05/2022
01HR87CQ5ZJT9M13KKAPB8XKCS,139,01HR539PR6C3SGJPZ0D9A9SXGZ,417.1,22/09/2018
01HR87CPA9AHE5P60FQFX9B550,907,01HR539PQZ5WTBVKCVYFMM87SQ,522.77,01/04/2016
01HR87CPZZBA0RCZ5D3R553XZQ,293,01HR539PPGH4052H3BQ61KV5G6,358.83,05/08/2012
01HR87CQ5HW9NJXH8ZAMPBXWGS,513,01HR539PPJK06QF2FSX8SPZD16,919.94,27/09/2021
01HR87CQ5J0B0B8N3DZT5FFY9H,348,01HR539PPY8AGFAWH6EMRTJQ6J,183.76,13/08/2014
01HR87CQ5M8M23CCTHZ3JGEVD0,924,01HR539PP9FJNSPNYBNR6AJ587,932.96,05/05/2018
01HR87CQ5NE0NVHH8V3J6VBB91,370,01HR539PRMXRQBBEZPFDGJJ0RA,692.61,15/04/2019
01HR87CQ5PEAV3WKVBAEKDRQV9,803,01HR539PQEKEAZQYEF7ZKF8JTA,382.52,15/05/2023
01HR87CQ5QV6W82TJTZN9RYPJH,49,01HR539PRSWDH56M6E5TY5N7JB,789.05,09/08/2013
01HR87CQ5SWXWJHDBCH94AATCT,916,01HR539PS8K7ZPG6BHDJ7NEGVP,322.18,24/05/2012
01HR87CQ5TKAMNGAHBV7DH3W8D,320,01HR539PQT58871Y3CPB969V6M,720.79,07/01/2018
01HR87CQ5VFW3Q8D1W5BZDY8ED,278,01HR539PSHTXCT7DK8ACNNQPN4,378.83,09/03/2016
01HR87CQ5XX2TXJXV893CTTGNY,364,01HR539PPHX6EW8FDG26DW46B5,292.08,12/02/2024
01HR87CQ5YEHD9F7Q5AJ7MCEA9,164,01HR539PQNK2NYN0CBYDZSNTBV,434.17,10/06/2017
01HR87CQ5ZMG1JBYR1S5GBM54Z,588,01HR539N6BV1P0S0WY22691MCQ,731.01,15/11/2014
01HR87CQ615SWWFHN5WFQG37W2,758,01HR539N58E6VPPCGBM8K0TRXX,786.8,17/10/2016
01HR87CQ62R9EZEF8GXYPYB526,249,01HR539PP6CSMDGB32SX3CEY4Z,225.69,13/07/2016
01HR87CQ63HJEDF7RNC0RE9TVN,748,01HR539PPJMY8CEQTGGJNGQBK1,25.67,09/02/2016
01HR87CQ645870YGRF4HNMHBCN,302,01HR539PR2EEZW9JR1BXN9066Y,572.34,23/09/2022
01HR87CQ66R4B3ST30G5002HS8,574,01HR539PPQHMTR8PA59VFZ4WYJ,166.53,17/07/2019
01HR87CQ6782WYG87Y2RZ1K0BE,357,01HR539PPC8G51TXGFB31K2H1G,914.99,16/11/2015
01HR87CQ68XRGJXZ0QPY8PANH7,91,01HR539PPVWAP2T8JTSEP4TT4H,103.71,07/06/2012
01HR87CQ6AFJADT17FFZ8700DF,274,01HR539PQX2MCGDAT9BG1C2EFK,989.18,09/02/2020
01HR87CQ6BB8RK65DF5TZHQJSD,293,01HR539PSAW12F6F5XQQZRJN1H,664.81,26/05/2015
01HR87CQ6D56QWF5EDT4XF89XK,854,01HR539PQC4KK81M0FFC5T4QMX,718.08,02/12/2022
01HR87CQ6EAJRW2T2WZCK1WVBN,738,01HR539PQ2TWN7EDYHQH8BZP56,742.15,14/03/2010
01HR87CQ6GMG51N9M1VVNK5D4S,818,01HR539PP8SE0R2B26CSWV7VF4,488.53,26/06/2021
01HR87CQ6HKTW7ACVCCXC11NSY,155,01HR539N0XAKZ0ZH0WM9CFHX65,571.62,14/07/2017
01HR87CQ6J0NRGVPWBNXJC2X4S,214,01HR539PR9GXPAZ0JD0CYSWH6N,163.16,22/12/2016
01HR87CQ6KVN3K9NZ9HDEPSVFM,802,01HR539PQZZYE4BWD4FDA5DFZA,922.04,01/04/2019
01HR87CQ6NYA3D35NB4B3QPSV2,882,01HR539PS2R3ANW93H2EYA17BD,943.68,21/04/2021
01HR87CQ6PH5DD8DQCS5YK5QEQ,838,01HR539PQBPVKSVAX8FSPXMYHV,984.43,20/09/2010
01HR87CPA4B5KZZFVS2KH5J4GF,800,01HR539PQ6569DW3XY2P1TDTZ3,357.41,27/08/2023
01HR87CPZHZJVZXAWFE6V3Z402,113,01HR539PSA0P79VC5MNVYR3W7Y,775.98,10/08/2013
01HR87CQ52DZQPC34YQ2TSRYK7,196,01HR539PP2DAHCZCWKRMTT6QBD,530.57,24/10/2013
01HR87CQ53Z0Z514WGVK735G8A,550,01HR539PNFNCZ0MBY7EXJH4YCH,589.81,04/04/2011
01HR87CQ54VB70TKKVQ2299P5M,801,01HR539PQPQPJ2J88N8CDACVF7,737.67,04/12/2011
01HR87CQ55VWEWB9BRHM1VBKGV,522,01HR539PQJAWRJV97K6GMKPCHX,1.14,07/06/2013
01HR87CQ56JCF6C6DKF8YBFH3B,310,01HR539PS2R3ANW93H2EYA17BD,19.34,07/07/2011
01HR87CQ57TTT91KASJWZTNKD9,222,01HR539PPVWAP2T8JTSEP4TT4H,781.11,13/04/2018
01HR87CQ586C413Q2KGBQSA27F,658,01HR539PPKDCTDPKYJ7C3HZNHD,980.94,25/02/2022
01HR87CQ5APEY4YQ1E9Z6E2KV2,137,01HR539PR3MSWM9PAR2WC0C64E,515.11,29/06/2023
01HR87CQ5BWFSWJ4VF4F6P57EJ,546,01HR539PPNWYJ1XB38FHW5Q815,852.49,19/12/2012
01HR87CQ5DHQ3XEQY5FVS3WE34,930,01HR539PGWN8C68Q5DKMJ2Z4MH,15.84,29/07/2019
01HR87CQ5EX768541RF1PD3Z8S,435,01HR539PRR5QPBNAMPEE2YBFC2,97.06,22/05/2021
01HR87CQ5GP7S2K3RMY4HTBDKY,878,01HR539PNSNZM2RG2F2G41RB7H,376.06,31/10/2021
01HR87CQ5HB9SJAA9R4EZ85QZD,205,01HR539PRH8Y7TE5C8X32MYNSB,342.69,19/06/2013
01HR87CQ5JQRJVTQ5YPGEGMC2R,72,01HR539PQSQ16DYGHTHA1892Y1,111.51,01/08/2013
01HR87CQ5KYFXNB4XD7ZGB4KR6,413,01HR539PQWNNFC86DG6BH4P0T0,53.45,29/07/2016
01HR87CQ5M3GYV7NXJ1W1DVMFZ,843,01HR539PP29JNJCYQB7QDHV26R,887.28,24/11/2015
01HR87CQ5NY0ZBBZ9CD78FZ17M,93,01HR539N1RZ5SDSXB5PZFJK127,18.06,24/01/2023
01HR87CQ5QBD7F88MHHG9E6RTY,5,01HR539PRAS038R9VA4A49CCMB,749.87,30/07/2021
01HR87CQ5RDC7Q6Y0W1YXG8RE0,299,01HR539PJ4YCCMXDN29KND8F6T,116.15,23/03/2017
01HR87CQ5S9D3CFZHZG8TX40RM,556,01HR539PRHJQXRA5A3DKXTYR1N,751.16,06/06/2018
01HR87CQ5TFW5B1WQRHR804C8W,350,01HR539PQK8W786N1WQVX6CXX7,877.33,29/08/2018
01HR87CQ5VVFW1SBT4TV14MHCR,490,01HR539PR1NX7M6JQKQ2JY7YBD,81.91,14/01/2019
01HR87CQ5WGN0CP7W0YRDYWH56,536,01HR539PQQDXJKZAAH3QQ1SGR6,321.24,01/03/2011
01HR87CQ5XAV6D1W61FNGVXN08,913,01HR539PR5PH69EVNQ1Y6FV487,886.87,02/05/2010
01HR87CQ5Z0ARX1SPB7A1PYSDK,414,01HR539PRMXRQBBEZPFDGJJ0RA,789.25,09/08/2023
01HR87CQ6031FR0NG6QVNYY3SP,470,01HR539N8BXCSSKKBT6CGRTHX7,351.43,21/04/2022
01HR87CQ61BCMA0JWGVAHGJVDA,826,01HR539PPR18WCBCP42WQK4K9S,363.56,25/05/2022
01HR87CQ62YXQTTXE23CJ4SKY6,198,01HR539PP2N39WAPTXSNQ3DN3W,111.17,26/03/2011
01HR87CQ637W282Q7FP9DP2A9K,300,01HR539PRKFP9CSZ18XCMYBY3N,537.31,19/06/2010
01HR87CPB7NEARCNWGNCTQXV2G,723,01HR539PPQ7JKZWXPH4MS30CCP,788.51,01/06/2023
01HR87CQ177B092WA4EKX39763,426,01HR539PQGCZ1M9HGQF1NHPH5M,973.61,11/09/2011
01HR87CQ6S46J9BV2XYKN48R4P,912,01HR539PPGATX6ENAMC0GQ8JP6,102.68,18/03/2018
01HR87CQ6TXR9C65Q2R40690YD,391,01HR539PPQ2V4C647FKV49T7BM,871.69,16/12/2014
01HR87CQ6VFN1R04E3CAGAATNG,215,01HR539PQ0A5BHFZAF080HH40J,560.6,10/02/2012
01HR87CQ6WXR5JS92Y1KE2T007,124,01HR539PPND75W1CD6B78GBTAC,988.9,19/06/2015
01HR87CQ6XMMCM4E1PVJYG9EED,415,01HR539PQ661525DX80CF7K6SE,718.99,28/10/2010
01HR87CQ6YGHKWX9G1SEZYBM8C,936,01HR539PQAB5FZY885PX0J8N41,673.02,22/03/2014
01HR87CQ6YE3PENAFB0TNYC01C,707,01HR539PPSQ1SDCAY9BPNFFG4F,568.64,23/06/2012
01HR87CQ6ZVA4AC006YDXHV23N,614,01HR539PS960TN2PR0NEG2CBKS,10.89,10/07/2021
01HR87CQ70T07CS2GK70KYPWTT,904,01HR539PQJY6S60ZSWD79HVP4J,755.07,26/07/2016
01HR87CQ71RNC9NN420EKN96GH,478,01HR539PQHA9ZTN60BSBD3DJPG,452.0,04/12/2013
01HR87CQ721HN7HHV78GGKKEGH,517,01HR539PQGX3H47D2MCHCM4GZJ,752.67,15/03/2020
01HR87CQ736694VF53NR2KQAC8,941,01HR539MZZF3SYJPTXJ2JZ5P4Y,565.0,27/07/2012
01HR87CQ74BRA069MRK16HTW12,278,01HR539PQF65TXPH44V0NY217T,510.41,04/04/2021
01HR87CQ74E2HS9Z0BWDEAKE3C,940,01HR539PNVVDGR7D9KFJPC9801,339.98,07/07/2022
01HR87CQ75N6SAAGYBX2NNEQCR,416,01HR539PQHF57VYSNJY921EH16,833.93,17/10/2012
01HR87CQ76FRP7YW3ZCE325Z8N,875,01HR539PR31G8WTKZ5DG9G57BG,376.17,16/09/2021
01HR87CQ77WSBCKSDTTANZC5J0,664,01HR539PPMH7YQECXFE401VR6N,528.01,23/05/2013
01HR87CQ7893WPJZFP684HN5QF,382,01HR539PQJAWRJV97K6GMKPCHX,349.75,02/08/2010
01HR87CQ79DBV39P3BXA0EFGVT,492,01HR539PPA7A5Z4R921C9SK9R3,657.39,18/08/2012
01HR87CQ7AHZBSQJZWFS5CE3ST,522,01HR539N0XAKZ0ZH0WM9CFHX65,710.21,27/10/2014
01HR87CQ7ARVDGQRAAXWB0Y9DJ,302,01HR539PPYRPHPRY7WZA0N2B6A,276.11,07/04/2021
01HR87CQ7BSWTT2YGCTC2RZPP3,148,01HR539PPYSY9EVRDXYW1EXXPG,925.28,13/02/2015
01HR87CQ7C3S6MRW3BY4GZ213H,316,01HR539PRGBWBZA0FKA0VATP60,523.47,26/04/2010
01HR87CQ7DCRGZV0DRAXRACPWR,361,01HR539PR91RY385FB17NJFJH5,132.37,22/09/2013
01HR87CQ7E80QC1R71WW794GVG,439,01HR539PQPEEQRXNDBEY67C3WG,837.85,25/08/2022
01HR87CQ7ESGCARJG7DCMZHKQ0,28,01HR539PRHY8PKEFS6F7HZC755,733.46,31/08/2014
01HR87CQ7FTZP8478VQ088HWZ2,268,01HR539PPZHM5V1T19X7NBQ0Q6,68.22,04/06/2018
01HR87CQ7GZ6HP2Y2J72P93FQT,686,01HR539PQEX0SC7TY3BFEM2V29,518.8,21/03/2017
01HR87CQ7HN4QHTEP878R4DHTS,70,01HR539PPY8KKHH64EKDRDMZEE,816.93,09/02/2017
01HR87CPB89FW1NPYGWT6J1BSS,949,01HR539PNJJYP7S8RN2ZZSZCJN,319.57,19/12/2013
01HR87CQ0PJ5MD7E5S763J4GRD,781,01HR539PS6ZBJTX81JQDKP76K4,49.28,23/05/2010
01HR87CQ6FY01W9B1R3BWZ8CJ6,595,01HR539PRE943ZZZSZHB07F172,282.05,16/07/2018
01HR87CQ6GESHBQS3Z55JBABGC,766,01HR539PQ0751QSB1QSADD59EW,943.77,21/03/2018
01HR87CQ6JSD45TREWSWTPMJJ3,409,01HR539PHERD2DBRGB17RX3C4Y,310.79,13/12/2020
01HR87CQ6KZB7QRPJ682Q1ZAB6,440,01HR539PPB8HN16MV633PJ1A1R,511.37,23/09/2011
01HR87CQ6M0DK0Z6FDJM5T60G7,500,01HR539PQE7YYZ0Z0D06YPMADA,577.81,14/07/2018
01HR87CQ6NTA5P6VKSR0R3R416,558,01HR539PR5F62J99ZJDJB1F0HQ,757.84,14/04/2016
01HR87CQ6PJX0E2W5JDNQ6CC5P,564,01HR539PPEFCJ8AMC91F3409MJ,931.91,05/06/2020
01HR87CQ6QHY5YYJAJYQ83P4AE,884,01HR539PQ4WGBYR177M3Y30N90,716.31,04/05/2017
01HR87CQ6RS8GCBNT890BVN11G,909,01HR539PS336SK828RQM46JJKG,101.45,03/01/2014
01HR87CQ6TYAM8V669TMQR9SJ6,593,01HR539PQW4YQ2RE67XQ0YM0JX,161.93,26/03/2013
01HR87CQ6V3R1DM91FZ1R3Z3MB,646,01HR539PQCJZJX7PGWNS3ACTD0,325.53,10/02/2024
01HR87CQ6W3DAZEJYT85RQJRMC,592,01HR539PPR3W5A37CT3PDE1R6G,472.97,26/12/2019
01HR87CQ6XGCZCB0KX7KWWYZVS,824,01HR539PQQ3XBZFCX1EMKDAGJP,134.54,09/11/2021
01HR87CQ6YAD67Z6BA6JQFEJQP,835,01HR539PP1ZH5WVMERNZCKETZ6,238.74,25/06/2017
01HR87CQ6Z3HTDCCQ0VNFZTJ8E,741,01HR539N6G5RN661YPG1HJ1A1X,317.56,19/06/2011
01HR87CQ71WWBQG8Y98TMAS22V,469,01HR539PQPJN5RTSQ6VRBVB6TF,793.01,10/12/2015
01HR87CQ72PSQ8S73JAZA8X7J6,106,01HR539PS7525HFE4GM7S6KZN4,310.96,17/02/2016
01HR87CQ73CC3BTB3R33YBMRDA,231,01HR539PRTTM4TKHC4KAR48999,34.03,02/05/2010
01HR87CQ74JVQWZVCE7HJDR5KW,858,01HR539PP1Q7CPQYP11M891E8F,17.49,27/08/2012
01HR87CQ7584ZXF4KTZXEWMWRQ,159,01HR539PQM35Z9VBMAH4WQ5YP9,421.12,30/04/2021
01HR87CQ76F00V05X8YHQPMKJ5,865,01HR539PNVCNFD42DKPZPTGWZ8,697.22,12/05/2013
01HR87CQ77VCP5N03XMHCDEYXN,592,01HR539PPYZFCRPZ99SXA4KGTZ,926.28,03/03/2013
01HR87CQ78W300K7XJVDSCAKXW,138,01HR539PS4TFADV01PXBPC9KMK,737.9,03/09/2019
01HR87CQ7ARDFC946ZG5N49C5W,209,01HR539PQXF972JZAY01NK5AGB,493.78,25/09/2010
01HR87CQ7BFX19KC14F2KN0DWX,276,01HR539PR6S3XWEWSYV5GAGEMT,540.15,21/06/2019
01HR87CQ7C1Z7A7E5RXKY65RJ7,360,01HR539PP4B174G1HY1ZDM3VNG,101.14,03/07/2015
01HR87CQ7DN76J8CX2WF1BXBFG,98,01HR539N2SJXMP4521D66QNPGG,156.23,19/01/2017
01HR87CQ7E5XS4W3JTKG3PJ3WV,710,01HR539PP9G9BME8NZ0C7AKJ9F,454.08,27/09/2023
01HR87CQ7F9E9AGPRNJW10XFNQ,917,01HR539PRG95GWNFJ35AR4ZC57,383.04,22/01/2014
01HR87CPB8CRCHJAYYX9QR8BAB,299,01HR539PQSQ16DYGHTHA1892Y1,694.64,12/10/2023
01HR87CQ0EG3YRZNXMGWCP9QGD,468,01HR539PRXFN7NQ68J9W7JBYKV,782.41,13/06/2017
01HR87CQ5ZR9N6SC733AGN1G1X,902,01HR539PPJWV1WBYXKNAZ7BPGW,518.59,24/06/2016
01HR87CQ60Z6QYB5VNE02C4KR3,244,01HR539PQY8F4JCDSXZSWMWYR5,509.54,26/11/2015
01HR87CQ6100RWT9WQ6A8VBRSK,109,01HR539PR67T948204CMSQBQJV,535.84,01/09/2012
01HR87CQ62363JYG3MBVAW35DP,75,01HR539PGWN8C68Q5DKMJ2Z4MH,62.06,20/09/2014
01HR87CQ6342QQAC82C7WPVRS2,309,01HR539PPATXT9777B2ZZ5HX1K,727.29,14/01/2014
01HR87CQ65Y1Q3QYG00ZGTDNGE,380,01HR539PRGYV1EPYQB08R7AH6C,567.98,11/11/2012
01HR87CQ66R5FJMVTZ0PN8NRQC,501,01HR539PQBV4M0V3A6SRP964NQ,418.42,15/10/2021
01HR87CQ67D4A81E3PH9FXQ11X,634,01HR539PP26DEASNX54SDNJ5BH,846.03,22/09/2015
01HR87CQ68EZHGX5R8B79Z2VBM,778,01HR539PS6ZBJTX81JQDKP76K4,531.98,28/10/2021
01HR87CQ6943SD1X636T90H4EX,326,01HR539PPJM3MTSBXFS2XF044H,383.64,20/07/2020
01HR87CQ6B0WJCWAREPNBAT1R3,107,01HR539PQG915V1TDRWZ1W8RBG,248.97,24/03/2013
01HR87CQ6CB2EJA6JSTHD8RKA3,614,01HR539PRW24TTDE16DKFF788K,635.68,20/08/2020
01HR87CQ6DMGFVNEAY2TNJE1QX,925,01HR539PRV603K9HJ0S5TK9CBM,199.44,01/01/2017
01HR87CQ6EZ2NVTBSJ9AQTVBV2,759,01HR539PRR90EJTHPBK5TK6YEM,150.81,07/11/2017
01HR87CQ6GPC6HSBQDP295B793,6,01HR539PPGH4052H3BQ61KV5G6,257.24,10/01/2022
01HR87CQ6H175HXMWQYE487QMF,50,01HR539PR0PBMQN7KG3W311HWD,410.46,21/02/2023
01HR87CQ6J1YVHMWAVT3PEBD17,445,01HR539PRQTHYEBM7XS11A7XVN,186.71,03/03/2019
01HR87CQ6KX6JXKEWN3JZTYM0Z,394,01HR539PQB0KTCPM0EGDBHWBWP,349.16,02/06/2013
01HR87CQ6MGT6E4NQH843N2805,77,01HR539PNVCRYRXYF4Q9C55BDF,977.24,19/08/2010
01HR87CQ6NE9FAAY9EP291QAJF,232,01HR539PRWCA2C8Z0ZDJCT08BQ,253.4,15/11/2020
01HR87CQ6QDFDE34DDR24JRG56,915,01HR539PRVB1312VKZAFCN5M6A,855.69,03/12/2010
01HR87CQ6QZQ6XV37FCART7TNC,644,01HR539PR98CHDD2M82FVCY97F,329.7,03/08/2018
01HR87CQ6RWRR9MDETM02M8PF0,621,01HR539PR9YPWGC3NYB03DA6BZ,117.45,06/12/2015
01HR87CQ6SFD5NNY5WC40QS96Y,674,01HR539PREX9A3D2N3E8YCDX8X,31.91,16/12/2010
01HR87CQ6T26JPX7W4DGSSXVDJ,795,01HR539PR89HBE4TRBDR8SKE0F,234.92,26/11/2013
01HR87CQ6VT9B4G0N862XYPN6B,768,01HR539PRAJWWH83HBS6T2H1XV,810.52,09/07/2013
01HR87CQ6W7MKS3621ZDYEB5AR,458,01HR539PPXQJ4NCNC3VF3V075Y,911.04,05/01/2017
01HR87CQ6XH21EW8K5B6GMDAYC,344,01HR539PRQBSNPHWQ50BG1ERBB,938.51,06/08/2018
01HR87CQ6YC17YD1H6FT45SAKZ,479,01HR539PNVW2XMKPT1TGQTZA8V,972.6,21/02/2014
01HR87CPBHAMDG1Z4N7A2S89DP,629,01HR539PP5M0NGX1PVJPMRVGZT,620.76,24/03/2018
01HR87CQ15HD5G8VHGZ16HJA72,442,01HR539PQE55G21HEMR69ZT400,509.55,23/01/2020
01HR87CQ6QGEE005C7PVP5V36X,653,01HR539PR72MS205KYV27KBGBZ,806.08,28/07/2022
01HR87CQ6RK9C4GFD3SY9W2PKD,232,01HR539PRXFN7NQ68J9W7JBYKV,649.84,31/07/2017
01HR87CQ6SKP0TWQVBF62R57MJ,297,01HR539PPR3W5A37CT3PDE1R6G,359.71,03/09/2021
01HR87CQ6TB37P5Z69FNTC4AFS,479,01HR539PPV36CZKFE5NS58MG11,704.36,02/06/2021
01HR87CQ6W97H7NXBEH0YKZBFC,186,01HR539PP8SE0R2B26CSWV7VF4,513.76,25/02/2015
01HR87CQ6XMAZC2VGB58YECJH1,266,01HR539PNX2QNFW9P5EY4NXVAP,4.5,15/08/2011
01HR87CQ6YXCWAXAF1869PZGYR,96,01HR539PR511FMNSXPWF4QPXGB,773.3,14/02/2021
01HR87CQ6Z00NTC4TB86FXFFJG,498,01HR539PQDE4Q9RMKCMWZ2P9KJ,135.52,10/09/2018
01HR87CQ70Y98Q6FS1H536DC3S,834,01HR539PQ48WZZXTAB47ZJ73BA,684.51,16/03/2012
01HR87CQ71BAWP88806GKW6PE6,354,01HR539PP61BC5PA6XC04M4ZVW,641.87,01/10/2021
01HR87CQ72WKKQ67YSKW5Q0ZG1,472,01HR539PSARZS2M2AZR7A8EMF1,116.43,31/07/2021
01HR87CQ739KPCBK0N0CBH9DNA,504,01HR539PQEKEAZQYEF7ZKF8JTA,825.95,05/04/2011
01HR87CQ74M3152B1Y2NRDY30T,71,01HR539PPGZEBA90TPD9DQXK8W,290.62,25/12/2020
01HR87CQ758G3R07B0E927PF2B,266,01HR539PP6ATEVDQRHVAR0VCXW,469.51,01/06/2021
01HR87CQ76V42Y27MWWDGVBV0M,166,01HR539PQV5YEMKABWXQGH9X2B,475.4,10/11/2023
01HR87CQ77SSEBT04JJ2V3QM8T,948,01HR539PP3V0MQ0EWYTXPST2JW,505.96,22/07/2016
01HR87CQ78KZ8315MRAA498A25,164,01HR539N1RZ5SDSXB5PZFJK127,792.29,14/09/2012
01HR87CQ79TGZYAV4MYAKANXYN,572,01HR539PP2Q0KB4ZB1K2NB3KFA,376.26,09/04/2015
01HR87CQ7AZKS9N8FN61B9RP1Z,299,01HR539PQ0P5RCX2Y8V5QNF8QN,676.86,07/08/2013
01HR87CQ7BSBSC8Q7VMQ3M869G,792,01HR539PN9TD7QM5B67FVW1CJS,18.24,17/05/2013
01HR87CQ9VZ7BA93QC5ZJ98EHP,356,01HR539PNFG3HPP00WKBPSKVAR,732.6,16/05/2012
01HR87CQ9WVX8RF7MW7XCZ4TVJ,935,01HR539PQG9B0Y3CNCFK5M9FD9,530.6,01/07/2018
01HR87CQ9XBZFGK37HDZNN6C2V,260,01HR539PQZEQ3KGSQXSY3W0C0T,934.51,25/07/2014
01HR87CQ9XKEXFPFSWGQHQG0NJ,124,01HR539PRVE6YF57EV1P1FT2G1,361.06,24/02/2013
01HR87CQ9Y1TTQPJ3ZD0AV57G3,186,01HR539PPNDW0T7W2V0V1K14E7,866.34,22/08/2011
01HR87CQ9YYQ4EPHQEJTD0F6GQ,294,01HR539PQTA4GPB7JW47FYA48W,672.36,20/12/2018
01HR87CQ9ZAATMGR0KDDQWACDF,378,01HR539PPZHM5V1T19X7NBQ0Q6,897.02,01/09/2022
01HR87CQA0BNEPWWDSX9JHXX9X,258,01HR539PR10T8T3ZYZ65YQAQ90,514.44,14/04/2018
01HR87CQA0R6CQSDE4D5ZQTDP6,504,01HR539PRQKKYDX58HYPXMR3CV,368.26,17/05/2012
01HR87CPC9RK1PS349509DPEY4,717,01HR539PSCNM3RCMCNSXZ6XPNZ,592.03,16/04/2016
01HR87CQ19E0DWVEH6ZMHK49G4,197,01HR539PRP0CZQFFTHZW1A9W2G,417.73,31/10/2013
01HR87CQ6W72AHSJ7E9PWH4WP3,845,01HR539PR1H5RZDJD4HD6688RS,314.0,16/03/2015
01HR87CQ6XFXQ27R3PMM2933CX,691,01HR539PRTVV3SF1XQBRRDEK65,929.22,15/02/2020
01HR87CQ6Y755WKWD3KP8BTJZG,148,01HR539PRPBY8CQZMJT40NNY5E,313.72,22/03/2010
01HR87CQ6ZEKSJH06VRVDA81HB,304,01HR539PQGCZ1M9HGQF1NHPH5M,216.63,07/03/2019
01HR87CQ703A45NNK6H9NY733P,243,01HR539PPS7B0JPPVV0QGK0MEQ,774.74,10/11/2020
01HR87CQ72M6650S5NFBYYX0DP,41,01HR539PQ9CR9ABZ3ADQX85FN4,157.89,10/05/2022
01HR87CQ73AJMDDKRC5X9QXT1N,288,01HR539PQ97DKEHKY7B3PNVZN0,662.33,09/03/2021
01HR87CQ74CSTK901SE1HN1W1V,767,01HR539PQH3EWPYAY0JTX09SPD,905.95,06/11/2018
01HR87CQ75F1SS5HAQ9NEMQX9G,909,01HR539PR91RY385FB17NJFJH5,868.41,18/12/2012
01HR87CQ76AX13G5KJ45VK93YW,409,01HR539PP1ZH5WVMERNZCKETZ6,930.84,04/02/2023
01HR87CQ77KJ5GVN3NZP8H6E6Y,609,01HR539PSECPYGB48V9Q3SRSEA,430.8,04/10/2016
01HR87CQ78JAY6VZXJRBPBZG7T,54,01HR539PQS0CT4NPCW9SVN3XVW,432.5,22/05/2014
01HR87CQ7AENS1FJHHPQ61HCP2,452,01HR539PR5F62J99ZJDJB1F0HQ,788.77,29/06/2014
01HR87CQ7B6V167R0RTZZTCCX6,174,01HR539MZXAZY7F8TCC1D1CT9K,492.63,26/05/2017
01HR87CQ7CDM3B3M53RGNE1CW6,902,01HR539PRNQA6ZF1ZD91VWBEW5,391.18,10/11/2012
01HR87CQ7DW771A37TXATX8Q6V,334,01HR539PQDE4Q9RMKCMWZ2P9KJ,699.85,04/11/2012
01HR87CQ7ETNYGMRZSRMGKD5CC,893,01HR539MZZF3SYJPTXJ2JZ5P4Y,647.52,20/08/2023
01HR87CQ7G8JPB7N4D851GCH8C,561,01HR539PPVMZYJZMZS8YHV3JYK,340.92,22/01/2015
01HR87CQ7HXSE7S0AKGEEGJNG2,355,01HR539PQE2Q5113XTE8WJ4DBP,198.25,20/02/2017
01HR87CQ7J8B1GXGD5EDKQS565,756,01HR539PRCE4GJHSDEJTRW0140,355.9,31/07/2014
01HR87CQ7KN83V4XCFCVZ61N56,605,01HR539PQTYHNWQBVYQZ46M9QP,452.42,01/09/2022
01HR87CQ7MD0GAEAJSPP4D7RES,40,01HR539PS21J2FDQJFQ85YJDV2,876.85,01/04/2021
01HR87CQ7P9GPWWJQB43DXVTKP,724,01HR539PNX6K789M2N75X273SN,56.28,07/03/2018
01HR87CQ7QDB36WV8NMWVHN799,198,01HR539PRM0T7X3N7QHEB36HBX,819.95,22/02/2022
01HR87CQ7R6Q7F3B1KRZ4QGJBX,229,01HR539PQC57V612AZW27B2ZGT,381.99,14/10/2014
01HR87CQ7SXEEX3ZG831RHS58Q,642,01HR539PPC62PBW33X23QZPE0X,833.68,16/08/2014
01HR87CQ7TNE6QCWSM29Z7PHYV,737,01HR539PQM35Z9VBMAH4WQ5YP9,830.33,29/04/2016
01HR87CQ7V7GT9CWNXTG05GYMF,499,01HR539PRNS0ZESAV33RW2J3PX,674.17,18/07/2011
01HR87CQ7XKQ8TZFZQRJVYWXBT,66,01HR539PPKEND2MA8R6J2PD4BZ,917.56,29/09/2015
01HR87CPCKHSJY4QT1FH780FBF,582,01HR539PRE53A5XAT3PK31DM94,854.59,23/11/2021
01HR87CQ284WNHCYSCG5SGMX1P,135,01HR539PRZGMXFWB27E23A832K,414.88,27/07/2015
01HR87CQ7WKWV4MKK1Y1HM7R6M,377,01HR539PRE52Y9JC22CTFYSVPZ,742.18,30/11/2019
01HR87CQ7Y5FE0A9JRJCTR5ZVV,769,01HR539PRWSNR0BYHE6JSD1YMW,770.35,03/11/2012
01HR87CQ7ZF5B3NZT6EXKF8G5M,448,01HR539PRQFGYDKTG98FTTZQBR,241.87,11/10/2013
01HR87CQ80SCREG1VHJZHEQY7D,842,01HR539PQVJEH5AXHR29X2NHTA,198.87,12/10/2011
01HR87CQ81WAG6HGP3S2GHHZJ7,873,01HR539PPYYGR122Y0D2AK78K7,732.32,24/12/2013
01HR87CQ82ZCRGN1SRZJJ5414B,471,01HR539PRRXFJF0M6X7WWMJW6E,40.39,04/03/2019
01HR87CQ84B5SM62G91H4S36V5,932,01HR539PPMQXT5XEC7YWV75KR2,943.06,24/11/2022
01HR87CQ85NS2XFJP2BE8S2PMF,568,01HR539PQ08D2G0KFND7BWV9V9,698.88,23/07/2013
01HR87CQ86NVAHM89BA7R4V8Y1,941,01HR539PRM0T7X3N7QHEB36HBX,586.73,11/01/2013
01HR87CQ874DQJPNQGBSA7F0XP,544,01HR539PRV603K9HJ0S5TK9CBM,392.53,21/06/2017
01HR87CQ89KTPZK3RFQA1W90W1,791,01HR539PQHE2Y2VPPTD4Q730F9,528.01,05/07/2016
01HR87CQ8AZJDWXVW75PDCGDKR,491,01HR539PP9RQERZKGYYQ0CW9PK,769.16,03/05/2011
01HR87CQ8B8YDGEWGJKXXDRD7P,606,01HR539PR7G7TREZ2HZ79KQN37,748.7,04/08/2016
01HR87CQ8CSN4BS4ARX0PGZ4DY,110,01HR539PQGH6VHVEXT5Z66VPJS,869.31,04/01/2015
01HR87CQ8DK66H64KQYA9M2QP5,622,01HR539PPW54C05BR96BS8KJV2,293.32,18/12/2021
01HR87CQ8EW95SBY9J3AZ4NVJF,909,01HR539PHKDQYBMX30H34EGP8H,564.9,14/04/2019
01HR87CQ8G2ZQ3Y77B503W4SSE,213,01HR539PQ3AKZFAR42MAKG420F,63.4,23/03/2022
01HR87CQ8HAJK2VJNK0DAETEH5,605,01HR539PNFG3HPP00WKBPSKVAR,117.39,02/02/2012
01HR87CQ8JHDPQT5FYYQA033X4,33,01HR539PQCM861BM73T3JDTW2B,479.27,18/04/2010
01HR87CQ8KM8HNR71B6EY4B3NK,713,01HR539PS4B1DD70K1ZWA2MZHS,428.46,25/02/2017
01HR87CQ8MGS831TVRQ4N7ZDM9,98,01HR539PQSG42TEM0VX2A9KYTQ,97.14,11/03/2016
01HR87CQ8P26CXNV15JTN2AB9J,765,01HR539PS4PMMZJ6JMFN9G24VW,534.25,22/08/2014
01HR87CQ8Q1HZVW4S4X0J110RD,73,01HR539PQB2A7W1ZQHA9XMZMQG,500.43,05/11/2016
01HR87CQ8R494016YZWWHY8Z3T,134,01HR539PR67T948204CMSQBQJV,866.14,21/06/2013
01HR87CQ8S3ENHB415QFD77GPY,440,01HR539PQ162NDZE1ZETK5BB6S,978.19,22/07/2011
01HR87CQ8VD0GSQ39MJ1V66DD5,782,01HR539PPTKK4SKFY4Y6TS3T45,317.78,21/05/2023
01HR87CQ8W40SAF08HY0A2BYAF,85,01HR539PNREQ9DCDNKNVSV3W3R,110.15,10/02/2022
01HR87CQ8X455T10BBH70VH7SJ,646,01HR539PP88YR5KFX3MEBG2HDQ,218.62,10/12/2023
01HR87CQ8YAW3XCZVM87YQ6QX2,124,01HR539PRJWA19TH36944FA4F6,295.95,14/12/2012
01HR87CPCH8BZKB2C2QH223VWJ,562,01HR539PRZ7R3FCMP7S8VJMFX9,129.61,30/12/2015
01HR87CQ1PV9M8SZJMB7PGEA7G,47,01HR539PR6S3XWEWSYV5GAGEMT,80.69,04/02/2018
01HR87CQ77FEA60Y2Q0S74S46N,431,01HR539PQX4JFAEWVMJJAQHJFW,154.9,07/12/2015
01HR87CQ7995SHE3Q9YAG40EVN,109,01HR539PP0X9HM1S227WXN59M0,245.16,26/03/2017
01HR87CQ7APQ42GXFHZM49ZVB6,632,01HR539PPHM256CWXR586PGF93,511.84,29/05/2015
01HR87CQ7B6HHN08WHT3V6F4B9,447,01HR539PRW9R3M808MA8MGGH3F,315.12,21/06/2013
01HR87CQ7CZF0CY7W3CMN0SQED,145,01HR539PPNDW0T7W2V0V1K14E7,509.28,03/07/2021
01HR87CQ7DF7HK44EVRHXGFDAA,274,01HR539PRZRN8M20V8E91SFJAX,924.8,11/09/2013
01HR87CQ7FJ9H7MHC782HE9B3F,671,01HR539PPS1F3ZQG35DHTTVJFM,642.49,22/09/2014
01HR87CQ7G8F2K2JA89DYS3KP2,161,01HR539PS80YC6X5K07Q91KBPM,715.46,05/02/2019
01HR87CQ7HM4K5JKR064NBFC4D,221,01HR539PQ9SFJ4HSX4JZ8WNH6G,586.61,14/04/2018
01HR87CQ7JW2EH10WS07JA981S,563,01HR539PPYZFCRPZ99SXA4KGTZ,588.18,31/05/2022
01HR87CQ7K1H17RES088597VEN,519,01HR539PNQKX8EYKKG738D2WGQ,900.46,30/11/2023
01HR87CQ7M3270F600HT8SGCGY,63,01HR539PPJK06QF2FSX8SPZD16,142.05,16/05/2012
01HR87CQ7NGTQGK4B45ZGX4GKY,239,01HR539PREX9A3D2N3E8YCDX8X,266.81,29/10/2012
01HR87CQ7QAD9DWW8Y0328ZHZX,49,01HR539PJ4YCCMXDN29KND8F6T,792.23,22/05/2016
01HR87CQ7RY190XETW30CEYKES,877,01HR539PS21J2FDQJFQ85YJDV2,490.1,18/02/2014
01HR87CQ7SPVSG8PE55QQXZRZZ,207,01HR539PQY8F4JCDSXZSWMWYR5,990.3,23/04/2018
01HR87CQ7T7MNZMHJYKJMKDEE6,579,01HR539PRS7SGS9WA4DMDVJXGX,924.91,17/03/2012
01HR87CQ7VED0BS8B336YNTYGW,740,01HR539PR0G9X09HP541NDSFJA,595.67,18/10/2022
01HR87CQ7WMRQ60RBJHTDWM6JS,413,01HR539PRHYG65E3K4VV4NFM4N,187.19,16/03/2020
01HR87CQ7XEE5P74JC2KS1MP67,552,01HR539PQD9VJK915N560QPNSK,51.56,30/04/2015
01HR87CQ7Y7P31WDMRSB7HT6B7,680,01HR539PP5NRD2JNQBG371J8BN,503.21,27/05/2019
01HR87CQ7Z8VEN4X4TF5G62E89,602,01HR539PRCY6P0BX93PN1804MW,223.83,03/08/2023
01HR87CQ816WEAE5Q4TW4GQF13,739,01HR539PPR2CBJPN9KZTQFVBAT,244.58,30/09/2020
01HR87CQ82J0R57SYVDX03DYBV,622,01HR539PPAE6E037RBB621PBQX,349.85,06/04/2010
01HR87CQ83J332X329JEHZA8N0,890,01HR539PPWN96VFPNN2ZWJ7C7X,240.35,26/02/2020
01HR87CQ84NN4THEQ5VJKDQ3ZB,949,01HR539PQNK2NYN0CBYDZSNTBV,635.95,06/12/2013
01HR87CQ85X4JMTH3WV8TDR66Z,893,01HR539PRS3HE66243M3C24W3T,791.3,13/08/2018
01HR87CQ86Z70DTA9D7SPK02CQ,491,01HR539PPJM3MTSBXFS2XF044H,824.42,27/06/2011
01HR87CQ87ET2V9WNSDRRBY69X,602,01HR539PRV603K9HJ0S5TK9CBM,134.26,08/09/2011
01HR87CQ88DYTQ02ZF1ZSG9TEK,285,01HR539N4CZV2FW4BDET4PTJG6,429.8,28/08/2018
01HR87CQ89472YEHYJEM2FJ069,300,01HR539PJ52JDFX18742XB7G8W,69.33,26/05/2021
01HR87CQ8APP7QCV4GY86MQMA3,614,01HR539PPDTFFZEW2CYFJYCE0R,444.19,11/01/2016
01HR87CQ8B4CMNZ3WABB2D9MEY,692,01HR539PR10T8T3ZYZ65YQAQ90,539.77,08/04/2015
01HR87CQ8DYGKN1A5CZWH911RK,690,01HR539PQKD5ERPXGDBF6N2FC1,249.76,08/05/2014
01HR87CQ8E9HXX27J5813NGTT6,479,01HR539PS128FYBG43B90KDJ1R,624.79,30/03/2021
01HR87CQ8FQ9NS63HTCRP70EP5,736,01HR539PP0EP95WDKXMBZ11QNS,109.27,15/09/2019
01HR87CQ8G84DF9FA6AWCCT44A,938,01HR539PQFQQT4SGKJKGR5RQN2,442.8,07/05/2014
